t,current_joint_0,current_joint_1,current_joint_2,current_joint_3,current_joint_4,current_joint_5,nominal_err_0,nominal_err_1,nominal_err_2,nominal_err_3,nominal_err_4,nominal_err_5,rpy_err_0,rpy_err_1,rpy_err_2,setpoints_0,setpoints_1,setpoints_2,setpoints_3,setpoints_4,setpoints_5,vehicle_rpy_0,vehicle_rpy_1,vehicle_rpy_2,vehicle_xyz_0,vehicle_xyz_1,vehicle_xyz_2,xyz_err_0,xyz_err_1,xyz_err_2,zeta_0,zeta_1,zeta_2,zeta_3,zeta_4,zeta_5,zeta_6,zeta_7,zeta_8,zeta_9,zeta_10,zeta_11
1770722627.999644,0.518477,0.565189,0.426510,-0.549779,-0.109971,-0.234853,-0.000114,0.000298,-0.002394,-0.000000,0.000015,-0.000767,0.086343,0.009986,0.004029,-0.164504,0.156157,0.037744,0.035383,0.085522,-0.650325,-0.086343,-0.009986,0.495971,0.006620,0.006942,1.999014,-0.006620,-0.006942,0.000986,-0.018223,-0.005982,0.000654,0.000080,0.009245,0.008879,-0.000114,0.000297,-0.002392,-0.000000,0.000015,-0.000766
1770722658.012292,0.565379,0.659544,-0.012922,-0.455531,-0.596646,-0.359900,0.000108,0.000191,-0.002786,0.000000,-0.000257,-0.001383,0.092037,0.001729,0.000688,-0.163811,0.164312,-0.019285,0.014408,0.120037,-0.641865,-0.092037,-0.001729,0.499312,0.004580,0.009270,2.104443,-0.004580,-0.009270,-0.104443,-0.017083,-0.002242,-0.104960,0.000002,0.001594,0.001527,0.000108,0.000191,-0.002783,0.000000,-0.000257,-0.001382
1770722688.112288,0.628269,0.141307,0.205786,-0.376991,-0.942348,-0.376802,0.000049,0.000065,-0.001582,0.000000,-0.000130,-0.000189,0.103992,0.000135,0.004296,-0.173420,0.174139,-0.028429,0.023622,0.051310,-0.648658,-0.103992,-0.000135,0.495704,0.002185,0.005914,1.979602,-0.002185,-0.005914,0.020398,-0.009457,-0.010387,0.019406,0.000001,-0.000756,0.008551,0.000049,0.000065,-0.001581,0.000000,-0.000130,-0.000188
1770722752.112285,0.345567,-0.219872,-0.613334,0.282743,-0.518405,-0.329403,0.000008,-0.000040,0.000723,0.000000,0.000042,-0.000464,0.039523,-0.009991,-0.003640,-0.102440,0.117293,-0.027843,-0.049882,-0.236021,-0.600981,-0.039523,0.009991,0.503640,0.004238,-0.008735,2.000965,-0.004238,0.008735,-0.000965,0.001017,0.019394,-0.000188,0.000073,-0.009686,-0.007661,0.000008,-0.000040,0.000723,0.000000,0.000042,-0.000463
1770722782.212288,0.502628,-0.314270,0.189704,-0.424115,-0.518284,-0.235057,0.000027,0.000111,-0.001208,-0.000000,-0.000078,-0.000563,0.075496,0.006115,0.009082,-0.149911,0.141972,-0.008615,0.048905,-0.209005,-0.610394,-0.075496,-0.006115,0.490918,-0.009330,0.003739,1.997969,0.009330,-0.003739,0.002031,0.012930,-0.015480,0.000784,0.000111,0.004723,0.018555,0.000027,0.000111,-0.001207,-0.000000,-0.000078,-0.000562
1770722850.112345,-0.329859,-0.753902,-0.441079,0.125664,-0.486952,0.267226,-0.000008,-0.000080,0.001256,0.000000,0.000005,-0.000191,0.028409,-0.009995,-0.002147,-0.085757,0.102203,-0.028642,-0.047646,-0.341746,-0.548066,-0.028409,0.009995,0.502147,0.000198,-0.006140,2.000484,-0.000198,0.006140,-0.000484,0.005563,0.010951,-0.000117,0.000043,-0.009859,-0.004571,-0.000008,-0.000080,0.001255,0.000000,0.000005,-0.000191
1770722901.812232,0.675440,0.094269,-0.612471,-0.125664,-1.115263,0.361338,0.000003,-0.000021,-0.000140,-0.000000,-0.000002,-0.000055,0.081275,0.009985,0.005429,-0.151747,0.139842,-0.037184,0.069673,-0.273131,-0.584275,-0.081275,-0.009985,0.494571,-0.007673,0.007157,1.997740,0.007673,-0.007157,0.002260,0.006728,-0.019976,0.000571,0.000108,0.009061,0.011622,0.000003,-0.000021,-0.000140,-0.000000,-0.000002,-0.000055
1770722947.012292,-0.455521,-0.486991,0.534465,-0.204204,-0.031417,-0.408402,-0.000010,0.000044,-0.000395,-0.000000,0.000001,-0.000005,0.010645,0.009996,-0.005517,-0.084589,0.062889,0.067518,-0.036854,-0.188098,-0.618360,-0.010645,-0.009996,0.505517,0.008140,-0.011824,2.000272,-0.008140,0.011824,-0.000272,-0.002791,0.028546,0.000061,-0.000110,0.010102,-0.010916,-0.000010,0.000044,-0.000394,-0.000000,0.000001,-0.000005
1770722977.012299,-0.549766,0.314188,-0.581420,-0.376991,-0.141387,0.470834,-0.000013,-0.000029,0.000225,-0.000000,0.000015,0.000405,0.012936,-0.000314,-0.000027,-0.078779,0.081643,0.051383,-0.055672,-0.193300,-0.615914,-0.012936,0.000314,0.500027,0.007525,-0.003319,2.003166,-0.007525,0.003319,-0.003166,-0.010014,0.013069,-0.002997,0.000000,-0.000313,-0.000057,-0.000013,-0.000028,0.000225,-0.000000,0.000015,0.000405
1770723043.112239,0.094166,0.361083,0.190148,0.314159,-0.062848,0.487041,0.000082,0.000200,-0.001653,0.000000,0.000016,-0.000094,0.052435,0.009988,0.003227,-0.138360,0.126789,0.058309,-0.018222,0.160331,-0.665242,-0.052435,-0.009988,0.496773,0.000235,0.005758,1.999398,-0.000235,-0.005758,0.000602,-0.005890,-0.009911,0.000141,0.000064,0.009627,0.006962,0.000082,0.000200,-0.001651,0.000000,0.000016,-0.000094
1770723073.112336,-0.706943,-0.392916,0.537209,-0.361283,-1.005192,-0.706905,0.000085,0.000217,-0.003138,-0.000000,-0.000118,0.000047,-0.012181,0.005250,-0.024658,0.002602,-0.037883,0.062176,-0.049373,0.187651,-0.673457,0.012181,-0.005250,0.524658,0.013326,-0.014221,1.994695,-0.013326,0.014221,0.005305,-0.008784,0.037992,0.004883,-0.000258,0.004644,-0.049326,0.000085,0.000216,-0.003135,-0.000000,-0.000118,0.000047
1770723126.812265,-0.062832,-0.329869,-0.581206,0.109956,-1.193805,0.706852,0.000000,0.000002,0.000011,0.000000,0.000000,0.000007,0.033466,-0.009983,0.001069,-0.101056,0.116051,0.013947,-0.058738,-0.131002,-0.632452,-0.033466,0.009983,0.498931,-0.000004,0.003753,2.000038,0.000004,-0.003753,-0.000038,-0.003581,-0.006581,-0.000294,-0.000021,-0.010039,0.001801,0.000000,0.000002,0.000011,0.000000,0.000000,0.000007
1770723156.912281,0.502657,-0.078534,-0.565434,0.267035,-1.036723,0.219907,-0.000003,-0.000006,-0.000053,0.000000,-0.000003,0.000005,0.059467,-0.003533,0.006957,-0.132931,0.136850,-0.016466,-0.028034,-0.160110,-0.625140,-0.059467,0.003533,0.493043,-0.006856,0.008536,1.999846,0.006856,-0.008536,0.000154,0.003994,-0.021480,-0.001111,-0.000049,-0.004350,0.013666,-0.000003,-0.000006,-0.000053,0.000000,-0.000003,0.000005
1770723229.112271,-0.110089,-0.001048,0.589676,-0.659734,-0.376330,0.446539,0.000134,0.001048,-0.008481,-0.000000,-0.000661,-0.006716,0.041135,0.009979,0.001734,-0.128987,0.116454,0.066606,-0.036887,0.236661,-0.687766,-0.041135,-0.009979,0.498266,0.001937,0.000574,2.000052,-0.001937,-0.000574,-0.000052,-0.003948,0.000843,0.000022,0.000035,0.009819,0.003872,0.000134,0.001047,-0.008473,-0.000000,-0.000661,-0.006710
1770723293.412286,0.596902,0.534081,-0.738011,0.015708,-0.722569,0.769784,0.000000,-0.000010,-0.000263,0.000000,0.000003,-0.000094,0.074671,-0.009997,-0.002446,-0.142423,0.153371,-0.044883,-0.034982,-0.124004,-0.633159,-0.074671,0.009997,0.502446,-0.002331,0.004996,1.999202,0.002331,-0.004996,0.000798,-0.000733,-0.011019,-0.000033,0.000049,-0.009595,-0.005618,0.000000,-0.000010,-0.000263,0.000000,0.000003,-0.000093
1770723368.912247,-0.282657,0.156869,0.411580,0.282743,-0.958056,-0.598108,-0.000086,0.000211,-0.003173,0.000000,-0.000129,0.001205,0.007700,0.009995,-0.000529,-0.084800,0.063827,0.071892,-0.045296,0.274871,-0.702069,-0.007700,-0.009995,0.500529,0.005804,-0.005877,2.000058,-0.005804,0.005877,-0.000058,-0.004539,0.015866,0.000110,-0.000011,0.009993,-0.000980,-0.000086,0.000210,-0.003170,0.000000,-0.000129,0.001204
1770723399.012288,-0.376856,0.564141,0.703206,-0.172788,-0.078524,0.316872,-0.000135,0.001346,-0.012056,-0.000000,-0.000016,-0.002713,0.008549,0.003061,0.000247,-0.079671,0.075083,0.062756,-0.056823,0.283539,-0.705143,-0.008549,-0.003061,0.499753,0.005553,-0.001361,2.002797,-0.005553,0.001361,-0.002797,-0.008443,0.007726,-0.002702,0.000002,0.003054,0.000520,-0.000135,0.001345,-0.012044,-0.000000,-0.000016,-0.002710
1770723429.112249,-0.251304,0.439802,0.267195,-0.769690,-0.047125,-0.754197,-0.000024,0.000021,-0.000160,-0.000000,0.000001,0.000215,0.018404,-0.002304,0.004465,-0.092681,0.097731,0.055519,-0.063596,0.273357,-0.701951,-0.018404,0.002304,0.495535,0.003020,0.003241,1.996271,-0.003020,-0.003241,0.003729,-0.008396,-0.002896,0.003654,-0.000021,-0.002465,0.008877,-0.000024,0.000021,-0.000160,-0.000000,0.000001,0.000215
1770723459.212290,-0.518361,0.659741,0.031486,0.094248,-1.555088,0.471282,-0.000001,-0.000007,-0.000070,0.000000,-0.000001,-0.000043,-0.005662,-0.001074,-0.010785,-0.035159,0.041296,0.054884,-0.059008,0.269240,-0.699349,0.005662,0.001074,0.510785,0.005019,-0.005743,2.004988,-0.005019,0.005743,-0.004988,-0.003134,0.014883,-0.005071,0.000023,-0.001195,-0.021542,-0.000001,-0.000007,-0.000070,0.000000,-0.000001,-0.000043
1770723489.312280,0.565584,-0.141558,0.238058,0.612611,-0.879335,-0.488353,-0.000097,0.000187,-0.002438,0.000000,-0.000311,0.001406,0.075489,-0.008814,0.033360,-0.155872,0.165549,0.038318,-0.067668,0.208704,-0.679627,-0.075489,0.008814,0.466640,-0.007283,0.021746,1.983929,0.007283,-0.021746,0.016071,-0.006693,-0.046427,0.012531,-0.000587,-0.013807,0.065797,-0.000097,0.000186,-0.002436,0.000000,-0.000310,0.001404
1770723571.612294,-0.157074,-0.329851,-0.298565,-0.518363,-0.047129,0.329592,-0.000005,-0.000016,0.000114,-0.000000,0.000005,0.000275,0.029722,-0.009988,-0.001803,-0.093119,0.107760,-0.010428,-0.053218,-0.240511,-0.599485,-0.029722,0.009988,0.501803,-0.003857,-0.003414,2.000144,0.003857,0.003414,-0.000144,0.010039,0.002274,0.000024,0.000036,-0.009867,-0.003897,-0.000005,-0.000016,0.000114,-0.000000,0.000005,0.000275
1770723601.712241,0.486943,0.392692,-0.643888,-0.361283,-0.518350,0.094348,0.000004,0.000007,-0.000139,0.000000,-0.000012,-0.000100,0.067335,0.003288,0.009360,-0.141625,0.136103,-0.018410,0.043275,-0.227726,-0.603356,-0.067335,-0.003288,0.490640,-0.012869,0.007576,2.000937,0.012869,-0.007576,-0.000937,0.015544,-0.025342,-0.002699,0.000061,0.002019,0.018880,0.000004,0.000007,-0.000139,0.000000,-0.000012,-0.000100
1770723665.512270,0.738336,0.046951,0.568023,0.235619,-1.476516,0.518770,-0.000061,0.000173,-0.002536,0.000000,-0.000032,-0.000408,0.106026,0.009994,0.005182,-0.178882,0.169532,0.016369,0.054676,-0.056560,-0.641870,-0.106026,-0.009994,0.494818,-0.004553,0.008425,1.997504,0.004553,-0.008425,0.002496,0.000037,-0.019290,0.000454,0.000103,0.008832,0.011351,-0.000061,0.000173,-0.002533,0.000000,-0.000032,-0.000407
1770723699.912273,-0.486950,-0.408410,-0.345624,0.329867,-1.068146,-0.329844,0.000003,0.000003,0.000049,0.000000,0.000004,-0.000023,0.004763,-0.009984,-0.028834,-0.037827,0.072695,0.026857,-0.067638,-0.166054,-0.626895,-0.004763,0.009984,0.528834,0.019910,-0.018902,1.990189,-0.019910,0.018902,0.009811,-0.015390,0.052631,0.009899,0.000575,-0.009699,-0.057654,0.000003,0.000003,0.000049,0.000000,0.000004,-0.000023
1770723729.912285,-0.738234,-0.486970,0.314785,0.282743,-1.445111,-0.549958,-0.000040,0.000023,-0.000626,-0.000000,-0.000022,0.000180,-0.026179,0.007478,-0.013049,0.049306,-0.070496,0.078181,-0.059779,-0.101127,-0.637527,0.026179,-0.007478,0.513049,0.009843,-0.022910,2.001787,-0.009843,0.022910,-0.001787,0.005320,0.049470,-0.003122,-0.000195,0.006786,-0.026258,-0.000040,0.000023,-0.000625,-0.000000,-0.000022,0.000179
1770723812.912263,-0.157245,-0.016256,0.728934,-0.424115,-1.287824,-0.078027,0.000166,0.000549,-0.006368,-0.000000,-0.000229,-0.000512,0.041477,0.009988,0.002372,-0.131801,0.120036,0.069923,-0.043895,0.290018,-0.707935,-0.041477,-0.009988,0.497628,0.002501,0.005349,1.999851,-0.002501,-0.005349,0.000149,-0.009490,-0.007010,-0.000047,0.000047,0.009772,0.005148,0.000165,0.000548,-0.006362,-0.000000,-0.000229,-0.000512
1770723891.912294,-0.062834,0.015740,-0.455918,0.078540,-0.329861,0.596932,0.000002,-0.000032,0.000387,0.000000,-0.000006,-0.000029,0.035569,-0.009990,-0.001810,-0.103629,0.117615,0.013471,-0.057235,-0.111427,-0.636166,-0.035569,0.009990,0.501810,-0.001585,-0.000954,1.999869,0.001585,0.000954,0.000131,0.003692,0.000141,0.000173,0.000036,-0.009845,-0.003969,0.000002,-0.000032,0.000386,0.000000,-0.000006,-0.000029
1770723930.212427,0.219897,-0.345432,-0.142686,0.000000,-0.109941,-0.785057,0.000014,-0.000143,0.001314,-0.000000,-0.000015,-0.000341,0.040737,-0.009993,-0.000761,-0.107153,0.120837,-0.025493,-0.049695,-0.202910,-0.613361,-0.040737,0.009993,0.500761,-0.002681,0.000190,1.999243,0.002681,-0.000190,0.000757,0.004509,-0.002934,0.000682,0.000015,-0.009913,-0.001925,0.000014,-0.000143,0.001313,-0.000000,-0.000015,-0.000341
1770723960.312288,-0.251320,0.219931,-0.408571,-0.565487,-0.204215,0.093992,-0.000007,-0.000019,0.000164,-0.000000,0.000011,0.000256,0.026228,0.004999,-0.004043,-0.102834,0.092870,0.053713,-0.030580,-0.167398,-0.623424,-0.026228,-0.004999,0.504043,-0.003863,-0.007001,2.002971,0.003863,0.007001,-0.002971,0.013498,0.008597,-0.002811,-0.000040,0.005204,-0.007943,-0.000007,-0.000019,0.000164,-0.000000,0.000011,0.000255
1770724018.212231,-0.109924,0.643993,-0.360412,0.235619,-0.643988,-0.220321,-0.000032,0.000034,-0.000871,0.000000,-0.000039,0.000410,0.028329,0.009994,0.001321,-0.112434,0.097467,0.065124,-0.033160,0.159291,-0.665318,-0.028329,-0.009994,0.498679,0.000565,-0.000700,1.999657,-0.000565,0.000700,0.000343,-0.000318,0.001758,0.000396,0.000026,0.009905,0.002921,-0.000032,0.000034,-0.000870,0.000000,-0.000039,0.000409
1770724048.212302,-0.282746,0.015702,-0.204126,-0.345575,-0.392698,-0.675404,0.000002,0.000006,-0.000078,-0.000000,-0.000001,-0.000039,0.022807,-0.005098,-0.001870,-0.091699,0.101874,0.040928,-0.060373,0.116613,-0.657121,-0.022807,0.005098,0.501870,0.006247,0.000685,1.995874,-0.006247,-0.000685,0.004126,-0.011622,0.004710,0.004172,0.000019,-0.005006,-0.003851,0.000002,0.000006,-0.000078,-0.000000,-0.000001,-0.000039
1770724078.312282,0.377026,-0.455552,0.126100,0.706858,-1.115190,-0.204384,-0.000035,0.000021,-0.000437,0.000000,-0.000075,0.000181,0.047205,-0.001703,0.007697,-0.125475,0.127893,0.039815,-0.046883,0.098012,-0.653300,-0.047205,0.001703,0.492303,-0.002140,0.006770,1.998213,0.002140,-0.006770,0.001787,-0.002629,-0.014010,0.001120,-0.000026,-0.002425,0.015282,-0.000035,0.000021,-0.000436,0.000000,-0.000075,0.000181
1770724108.312296,-0.235645,0.675471,-0.502188,-0.345575,-0.895310,-0.612566,0.000026,-0.000029,-0.000467,-0.000000,-0.000044,-0.000044,0.028357,0.008911,-0.005363,-0.111454,0.096714,0.063572,-0.031195,0.172837,-0.667565,-0.028357,-0.008911,0.505363,-0.001382,-0.003969,2.007144,0.001382,0.003969,-0.007144,0.006191,0.005804,-0.007031,-0.000095,0.009202,-0.010459,0.000026,-0.000029,-0.000467,-0.000000,-0.000044,-0.000044
1770724138.412298,-0.345693,-0.330153,0.411640,-0.722566,-0.894937,0.205738,0.000118,0.000286,-0.003233,-0.000000,-0.000417,-0.001534,0.030791,0.004314,0.001052,-0.112408,0.106105,0.059145,-0.046056,0.196527,-0.676061,-0.030791,-0.004314,0.498948,0.001395,-0.000114,1.994151,-0.001395,0.000114,0.005849,-0.002314,0.001353,0.005898,0.000009,0.004243,0.002234,0.000117,0.000285,-0.003230,-0.000000,-0.000417,-0.001533
1770724180.512266,-0.581197,-0.188487,-0.691125,-0.157080,-1.507964,-0.502673,0.000002,-0.000009,-0.000025,0.000000,-0.000001,0.000018,0.009103,-0.009982,-0.003950,-0.063302,0.085540,0.037875,-0.068881,0.066959,-0.649459,-0.009103,0.009982,0.503950,0.005484,-0.003911,2.000304,-0.005484,0.003911,-0.000304,-0.005819,0.012136,-0.000251,0.000079,-0.009900,-0.007982,0.000002,-0.000009,-0.000025,0.000000,-0.000001,0.000018
1770724242.212232,-0.345664,0.596832,0.299854,-0.518363,-1.303652,0.723270,0.000089,0.000070,-0.001403,-0.000000,-0.000109,-0.000704,0.027454,0.009988,0.001932,-0.114121,0.099177,0.069217,-0.040049,0.250951,-0.693207,-0.027454,-0.009988,0.498068,-0.000462,0.001598,1.997948,0.000462,-0.001598,0.002052,-0.000693,-0.003302,0.001967,0.000039,0.009868,0.004132,0.000089,0.000070,-0.001402,-0.000000,-0.000109,-0.000703
1770724272.312283,-0.408415,-0.110025,0.314815,0.518363,-0.157094,0.769355,0.000008,0.000069,-0.000656,0.000000,0.000015,0.000335,0.011463,-0.007668,-0.006895,-0.070738,0.089155,0.040370,-0.067637,0.219167,-0.683834,-0.011463,0.007668,0.506895,0.008549,-0.000208,1.989446,-0.008549,0.000208,0.010554,-0.014812,0.008535,0.010529,0.000106,-0.007502,-0.013863,0.000008,0.000069,-0.000655,0.000000,0.000015,0.000335
1770724302.312352,0.345592,-0.392697,-0.094149,0.628319,-1.492239,-0.172797,-0.000017,-0.000002,-0.000099,0.000000,-0.000017,0.000010,0.045049,-0.007147,0.011967,-0.122352,0.131850,0.037815,-0.062005,0.178838,-0.670074,-0.045049,0.007147,0.488033,-0.001955,0.009078,1.999859,0.001955,-0.009078,0.000141,-0.005054,-0.017838,-0.000700,-0.000171,-0.008210,0.023563,-0.000017,-0.000002,-0.000099,0.000000,-0.000017,0.000010
1770724348.812296,0.062949,0.565316,0.301373,0.502655,-0.910760,0.219061,-0.000117,0.000171,-0.002922,-0.000000,-0.000302,0.000851,0.040039,0.009980,0.001176,-0.129668,0.115659,0.069460,-0.037259,0.265569,-0.697660,-0.040039,-0.009980,0.498824,-0.002822,0.000886,1.999629,0.002822,-0.000886,0.000371,0.004107,-0.004261,0.000159,0.000023,0.009868,0.002746,-0.000117,0.000171,-0.002919,-0.000000,-0.000302,0.000850
1770724448.112231,0.738308,-0.675408,0.077921,-0.722566,-0.816945,-0.612876,-0.000034,-0.000034,0.000618,-0.000000,0.000131,0.000265,0.069889,-0.009999,-0.003377,-0.128946,0.139663,-0.064353,0.035542,-0.298132,-0.572385,-0.069889,0.009999,0.503377,-0.006835,-0.000912,1.999395,0.006835,0.000912,0.000605,0.012834,-0.005031,0.000383,0.000067,-0.009493,-0.007429,-0.000034,-0.000034,0.000618,-0.000000,0.000131,0.000265
1770724543.712254,-0.439908,-0.346456,0.779779,-0.109956,-0.848186,0.283836,0.000085,0.000881,-0.010089,0.000000,-0.000044,-0.001093,0.005563,0.009987,0.000049,-0.080679,0.059588,0.070911,-0.045502,0.244765,-0.690806,-0.005563,-0.009987,0.499951,0.006871,-0.002346,2.000193,-0.006871,0.002346,-0.000193,-0.009802,0.010696,-0.000035,0.000001,0.009977,0.000153,0.000085,0.000880,-0.010079,0.000000,-0.000044,-0.001092
1770724613.312295,-0.157076,-0.439826,-0.612624,-0.628319,-1.492259,-0.769681,-0.000003,0.000003,0.000014,-0.000000,0.000003,-0.000009,0.048194,-0.009990,-0.001394,-0.116764,0.129829,-0.029402,-0.048553,-0.154068,-0.626960,-0.048194,0.009990,0.501394,-0.002893,0.004429,1.999785,0.002893,-0.004429,0.000215,0.000814,-0.010537,-0.000285,0.000028,-0.009834,-0.003263,-0.000003,0.000003,0.000014,-0.000000,0.000003,-0.000009
1770724661.812268,0.172656,-0.314318,0.442075,-0.706858,-1.256356,-0.219645,0.000132,0.000159,-0.002252,-0.000000,-0.000281,-0.000267,0.077808,0.009999,0.005512,-0.160329,0.149238,0.048748,0.032515,0.117815,-0.655692,-0.077808,-0.009999,0.494488,-0.007123,0.006091,1.998300,0.007123,-0.006091,0.001700,0.006769,-0.017540,0.000269,0.000110,0.009103,0.011756,0.000132,0.000159,-0.002250,-0.000000,-0.000281,-0.000266
1770724691.912266,-0.094245,-0.376986,-0.439802,0.235619,-1.445132,-0.534086,-0.000002,-0.000005,-0.000021,0.000000,-0.000001,0.000015,0.023761,-0.006468,-0.018712,-0.087083,0.099859,0.028704,-0.056679,0.023645,-0.646981,-0.023761,0.006468,0.518712,0.011025,-0.009783,1.997909,-0.011025,0.009783,0.002091,-0.009454,0.027841,0.002690,0.000242,-0.005571,-0.037528,-0.000002,-0.000005,-0.000021,0.000000,-0.000001,0.000015
1770724721.912289,0.502653,0.125657,-0.408242,-0.204204,-0.596898,-0.408374,0.000002,0.000007,-0.000165,-0.000000,-0.000004,-0.000033,0.069560,-0.006805,0.010956,-0.141097,0.148947,-0.029082,-0.037827,-0.127427,-0.632142,-0.069560,0.006805,0.489044,-0.002371,0.007935,2.001560,0.002371,-0.007935,-0.001560,-0.003255,-0.016073,-0.002704,-0.000149,-0.008303,0.021363,0.000002,0.000007,-0.000165,-0.000000,-0.000004,-0.000033
1770724752.012267,-0.785406,-0.219872,0.031062,0.769690,-0.329906,0.000418,0.000008,-0.000039,0.000354,0.000000,0.000039,-0.000418,-0.008553,-0.005751,-0.023139,0.021325,0.039007,0.050567,-0.067329,-0.168379,-0.624408,0.008553,0.005751,0.523139,0.011528,-0.018780,1.995936,-0.011528,0.018780,0.004064,-0.001229,0.044044,0.003676,0.000266,-0.006140,-0.046180,0.000008,-0.000039,0.000354,0.000000,0.000039,-0.000418
1770724822.412235,0.282617,0.329225,0.367432,-0.298451,-0.298388,-0.311618,0.000126,0.000643,-0.006149,-0.000000,-0.000063,-0.002542,0.070628,0.009998,0.004267,-0.156419,0.145917,0.057125,-0.009409,0.190010,-0.672819,-0.070628,-0.009998,0.495733,-0.001781,0.006584,1.998434,0.001781,-0.006584,0.001566,-0.003111,-0.013344,0.000656,0.000085,0.009362,0.009209,0.000126,0.000642,-0.006143,-0.000000,-0.000063,-0.002539
1770724852.412287,-0.267185,0.690747,0.160290,0.204204,-0.015695,0.488022,0.000150,0.000403,-0.003210,0.000000,-0.000013,-0.001076,0.021631,0.005408,-0.018433,-0.097665,0.089460,0.057312,-0.041827,0.219350,-0.682019,-0.021631,-0.005408,0.518433,0.009467,-0.009458,2.002240,-0.009467,0.009458,-0.002240,-0.007077,0.025828,-0.001641,-0.000199,0.006198,-0.036703,0.000150,0.000403,-0.003207,0.000000,-0.000013,-0.001074
1770724882.512269,0.769724,0.722570,0.141745,0.361283,-1.366564,0.282798,-0.000034,-0.000004,-0.000373,0.000000,-0.000029,-0.000054,0.092874,-0.006379,0.023818,-0.167306,0.174012,0.015498,-0.050291,0.151561,-0.661896,-0.092874,0.006379,0.476182,-0.002839,0.017461,1.998753,0.002839,-0.017461,0.001247,-0.010959,-0.033569,-0.001945,-0.000303,-0.010759,0.046791,-0.000034,-0.000004,-0.000373,0.000000,-0.000029,-0.000054
1770724918.412273,0.628369,0.706768,-0.376123,0.251327,-0.251305,-0.157764,-0.000051,0.000090,-0.000869,-0.000000,-0.000022,0.000685,0.077358,-0.009991,-0.004846,-0.146066,0.157548,-0.042058,-0.041440,-0.028704,-0.645494,-0.077358,0.009991,0.504846,0.001127,0.004289,1.996182,-0.001127,-0.004289,0.003818,-0.006153,-0.006681,0.003246,0.000097,-0.009203,-0.010424,-0.000051,0.000090,-0.000868,-0.000000,-0.000022,0.000684
1770724948.412285,0.628330,0.533964,0.410604,-0.125664,-1.005304,-0.675878,-0.000011,0.000106,-0.002197,-0.000000,-0.000006,0.000436,0.098173,0.005753,0.007271,-0.174004,0.167575,0.029929,0.036058,0.103391,-0.651974,-0.098173,-0.005753,0.492729,-0.008497,0.005671,2.003062,0.008497,-0.005671,-0.003062,0.009579,-0.017622,-0.004864,0.000083,0.004295,0.015021,-0.000011,0.000106,-0.002195,-0.000000,-0.000006,0.000435
1770724990.412286,-0.078540,0.093912,0.458639,-0.502655,-0.204212,-0.595202,0.000000,0.000336,-0.003108,-0.000000,0.000009,-0.001700,0.037115,0.009995,-0.008352,-0.121966,0.107580,0.065348,-0.031121,0.222020,-0.683757,-0.037115,-0.009995,0.508352,0.005740,-0.011702,1.999256,-0.005740,0.011702,0.000744,0.001369,0.025961,0.001694,-0.000167,0.010598,-0.016304,0.000000,0.000336,-0.003105,-0.000000,0.000008,-0.001698
1770725020.512273,-0.031497,0.345528,0.142793,-0.644026,-1.005057,-0.628039,0.000081,0.000047,-0.001422,-0.000000,-0.000253,-0.000279,0.054727,0.007888,0.008248,-0.143293,0.134352,0.066665,-0.044299,0.252313,-0.692600,-0.054727,-0.007888,0.491752,0.001375,-0.000194,2.002759,-0.001375,0.000194,-0.002759,-0.002261,0.001787,-0.002645,0.000130,0.006967,0.016886,0.000081,0.000047,-0.001420,-0.000000,-0.000252,-0.000279
1770725050.512352,-0.125692,0.581217,-0.690954,-0.769690,-1.366547,0.345684,0.000028,-0.000022,-0.000196,-0.000000,-0.000046,-0.000109,0.053935,-0.008317,-0.000562,-0.130202,0.140714,0.031516,-0.061979,0.209112,-0.678854,-0.053935,0.008317,0.500562,0.005451,0.002350,1.998732,-0.005451,-0.002350,0.001268,-0.011818,0.001044,0.001227,0.000009,-0.008236,-0.001570,0.000028,-0.000022,-0.000196,-0.000000,-0.000046,-0.000109
1770725091.212332,-0.455519,0.078547,-0.486816,0.769690,-1.240897,-0.722682,-0.000012,-0.000007,-0.000131,0.000000,-0.000032,0.000116,-0.012365,-0.009976,-0.012954,0.046054,0.035849,0.045332,-0.073900,0.106708,-0.655401,0.012365,0.009976,0.512954,0.010442,-0.015085,1.998329,-0.010442,0.015085,0.001671,-0.003404,0.036516,0.001184,0.000258,-0.010285,-0.025755,-0.000012,-0.000007,-0.000131,0.000000,-0.000032,0.000116
1770725121.312293,-0.172785,-0.612608,-0.157060,0.267035,-1.492255,-0.345581,-0.000003,-0.000002,-0.000020,-0.000000,-0.000001,0.000005,0.018861,-0.007473,0.008684,-0.086089,0.098653,0.043147,-0.064675,-0.057108,-0.643820,-0.018861,0.007473,0.491316,-0.001476,0.000581,1.997366,0.001476,-0.000581,0.002634,0.002033,-0.002464,0.002601,-0.000130,-0.007791,0.017206,-0.000003,-0.000002,-0.000020,-0.000000,-0.000001,0.000005
1770725193.612251,-0.361246,-0.000162,0.536665,0.125664,-1.256623,-0.408889,-0.000038,0.000162,-0.002595,-0.000000,-0.000014,0.000482,0.002817,0.009992,-0.000068,-0.076966,0.052704,0.071389,-0.044169,0.279828,-0.704186,-0.002817,-0.009992,0.500068,0.002491,-0.000921,1.999571,-0.002491,0.000921,0.000429,-0.003482,0.004000,0.000475,-0.000001,0.009982,-0.000108,-0.000038,0.000162,-0.002592,-0.000000,-0.000014,0.000481
1770725223.712276,-0.439693,0.297840,0.729928,0.486947,-1.099182,0.533613,-0.000130,0.000611,-0.007362,0.000000,-0.000375,0.000458,-0.010334,0.003455,-0.006328,-0.026504,-0.014175,0.061808,-0.054012,0.289003,-0.707330,0.010334,-0.003455,0.506328,0.005936,-0.002979,2.003014,-0.005936,0.002979,-0.003014,-0.007495,0.010926,-0.003098,-0.000044,0.003320,-0.012677,-0.000129,0.000611,-0.007355,0.000000,-0.000375,0.000457
1770725253.812283,0.659732,0.345540,0.346737,0.000000,-1.178099,0.550113,0.000002,0.000035,-0.001162,-0.000000,0.000002,-0.000334,0.103914,-0.008439,0.049372,-0.180722,0.189131,0.038031,-0.067505,0.198984,-0.675331,-0.103914,0.008439,0.450628,-0.009768,0.032456,1.987264,0.009768,-0.032456,0.012736,-0.010781,-0.067824,0.005628,-0.000832,-0.018617,0.097235,0.000002,0.000035,-0.001161,-0.000000,0.000002,-0.000334
1770725283.812287,-0.439768,0.769548,-0.155880,-0.125664,-0.031416,-0.581833,-0.000055,0.000143,-0.001200,-0.000000,-0.000000,0.000638,0.005664,-0.003492,-0.037243,-0.056316,0.066755,0.037958,-0.052208,0.192998,-0.674687,-0.005664,0.003492,0.537243,0.008364,-0.011307,1.999251,-0.008364,0.011307,0.000749,-0.002797,0.027956,0.000897,0.000260,-0.003067,-0.074429,-0.000055,0.000143,-0.001199,-0.000000,-0.000000,0.000637
1770725313.912266,0.754014,0.628338,-0.408230,0.628319,-1.429383,0.486992,-0.000032,-0.000019,-0.000177,0.000000,-0.000042,-0.000045,0.084633,-0.003735,0.025563,-0.162304,0.166141,0.030659,-0.046907,0.148059,-0.661609,-0.084633,0.003735,0.474437,-0.008187,0.016499,1.997089,0.008187,-0.016499,0.002911,-0.000520,-0.036911,-0.000215,-0.000191,-0.008035,0.050577,-0.000031,-0.000019,-0.000177,0.000000,-0.000042,-0.000045
1770725379.512293,-0.486968,-0.219784,-0.283820,0.078540,-0.094258,-0.721817,0.000021,-0.000128,0.001077,-0.000000,0.000010,-0.000750,0.014954,-0.009997,-0.002665,-0.072392,0.091453,0.032500,-0.064647,-0.204570,-0.612475,-0.014954,0.009997,0.502665,0.000866,-0.006951,2.001716,-0.000866,0.006951,-0.001716,0.005192,0.013027,-0.001468,0.000053,-0.009906,-0.005474,0.000021,-0.000128,0.001075,-0.000000,0.000010,-0.000749
1770725459.812314,0.455663,0.298104,0.365814,0.408407,-0.785105,0.077116,-0.000132,0.000347,-0.004531,0.000000,-0.000293,0.001423,0.081293,0.009995,0.004067,-0.165657,0.155827,0.055524,0.008793,0.198683,-0.674949,-0.081293,-0.009995,0.495933,-0.001718,0.006830,1.998932,0.001718,-0.006830,0.001068,-0.003465,-0.013680,-0.000010,0.000081,0.009292,0.008909,-0.000132,0.000347,-0.004526,0.000000,-0.000293,0.001422
1770725489.912278,0.157060,-0.125803,0.456585,0.534071,-0.109917,-0.708234,0.000020,0.000139,-0.001054,0.000000,-0.000039,0.001375,0.052380,-0.002076,-0.010483,-0.129602,0.133479,0.037623,-0.049353,0.192736,-0.674478,-0.052380,0.002076,0.510483,0.008552,-0.002808,1.996020,-0.008552,0.002808,0.003980,-0.012176,0.013019,0.004638,0.000043,-0.000974,-0.021026,0.000019,0.000139,-0.001053,0.000000,-0.000039,0.001374
1770725539.212262,-0.455523,0.267041,-0.722781,-0.581195,-0.612647,0.062636,-0.000008,-0.000005,0.000215,-0.000000,0.000037,0.000196,0.022910,-0.009997,-0.004110,-0.085603,0.103348,0.029292,-0.064891,-0.060375,-0.643035,-0.022910,0.009997,0.504110,0.005914,-0.007043,2.000489,-0.005914,0.007043,-0.000489,-0.003544,0.018036,-0.000111,0.000082,-0.009797,-0.008438,-0.000008,-0.000005,0.000215,-0.000000,0.000037,0.000195
1770725595.712269,-0.377018,0.141377,-0.094066,-0.753982,-1.539342,-0.691225,0.000027,-0.000005,-0.000182,-0.000000,-0.000039,0.000075,0.030879,0.009994,0.001777,-0.117216,0.102740,0.067770,-0.037539,0.224200,-0.683730,-0.030879,-0.009994,0.498223,-0.000163,-0.001341,1.999568,0.000163,0.001341,0.000432,0.001571,0.002185,0.000484,0.000035,0.009869,0.003857,0.000027,-0.000005,-0.000182,-0.000000,-0.000039,0.000075
1770725653.712261,0.534077,-0.455526,-0.125581,0.282743,-1.130969,0.612636,-0.000006,-0.000005,-0.000083,0.000000,-0.000005,-0.000025,0.063722,-0.009981,-0.001324,-0.133359,0.145320,-0.036481,-0.044748,-0.101893,-0.637293,-0.063722,0.009981,0.501324,-0.002285,0.005612,2.000501,0.002285,-0.005612,-0.000501,-0.001380,-0.011970,-0.001279,0.000026,-0.009782,-0.003274,-0.000006,-0.000005,-0.000083,0.000000,-0.000005,-0.000025
1770725683.712272,0.345552,-0.659714,0.125339,0.753982,-1.005368,-0.659515,0.000023,-0.000021,0.000325,0.000000,0.000058,-0.000220,0.034863,-0.005367,-0.009790,-0.103959,0.111679,0.023921,-0.047295,-0.137861,-0.631143,-0.034863,0.005367,0.509790,0.001667,-0.006888,1.999609,-0.001667,0.006888,0.000391,0.003807,0.013615,0.000886,0.000105,-0.004677,-0.019735,0.000023,-0.000021,0.000325,0.000000,0.000058,-0.000219
1770725713.812227,0.047124,-0.031418,-0.738289,-0.267035,-1.052434,-0.031419,-0.000001,0.000002,0.000015,-0.000000,0.000001,0.000003,0.046654,-0.003804,0.001565,-0.119118,0.123796,0.019363,-0.038873,-0.163162,-0.624359,-0.046654,0.003804,0.498435,-0.001967,-0.000541,2.002438,0.001967,0.000541,-0.002438,0.003978,-0.000816,-0.002461,-0.000012,-0.003942,0.002946,-0.000001,0.000002,0.000015,-0.000000,0.000001,0.000003
1770725743.812248,0.628313,0.062517,0.270744,-0.062832,-0.502655,-0.329791,0.000006,0.000315,-0.003709,0.000000,-0.000000,-0.000076,0.093860,0.008464,0.015989,-0.169691,0.160544,0.022527,0.050131,-0.120665,-0.633001,-0.093860,-0.008464,0.484011,-0.012716,0.012303,1.997536,0.012716,-0.012303,0.002464,0.011071,-0.033655,-0.000790,0.000270,0.005424,0.032597,0.000006,0.000315,-0.003705,0.000000,-0.000000,-0.000076
1770725788.612244,-0.785231,-0.063623,0.605466,0.738274,-0.800082,0.625300,-0.000167,0.000791,-0.008563,0.000000,-0.001024,0.003018,-0.040184,0.009988,-0.018887,0.079181,-0.096899,0.078840,-0.055642,0.107410,-0.654690,0.040184,-0.009988,0.518887,0.013351,-0.023226,1.998429,-0.013351,0.023226,0.001571,-0.000134,0.053546,-0.000581,-0.000377,0.008454,-0.038104,-0.000167,0.000790,-0.008554,0.000000,-0.001023,0.003015
1770725818.612277,-0.738228,-0.267142,0.205701,0.738274,-0.738008,0.658986,-0.000047,0.000106,-0.001498,0.000000,-0.000266,0.000748,-0.021845,-0.004886,0.004734,0.054292,-0.031840,0.061983,-0.075999,0.013925,-0.646678,0.021845,0.004886,0.495266,0.008805,-0.004338,1.996415,-0.008805,0.004338,0.003585,-0.011376,0.016060,0.003176,-0.000046,-0.004673,0.009563,-0.000047,0.000106,-0.001496,0.000000,-0.000266,0.000747
1770725850.912263,0.565463,-0.392631,0.030701,0.722566,-0.392776,0.597543,0.000023,-0.000068,0.000715,-0.000000,0.000077,-0.000640,0.059452,-0.009985,0.020976,-0.130458,0.142759,-0.032663,-0.047894,-0.176135,-0.621402,-0.059452,0.009985,0.479024,-0.007323,0.021338,1.995901,0.007323,-0.021338,0.004099,-0.006706,-0.044738,0.001372,-0.000418,-0.012447,0.041242,0.000023,-0.000068,0.000714,-0.000000,0.000077,-0.000640
1770725880.912292,0.109960,-0.329860,-0.219855,0.157080,-1.350884,-0.455561,-0.000004,-0.000008,-0.000057,-0.000000,-0.000001,0.000031,0.042017,0.009210,-0.002030,-0.124763,0.111261,0.053497,0.018027,-0.093403,-0.638734,-0.042017,-0.009210,0.502030,-0.007214,0.002948,2.000797,0.007214,-0.002948,-0.000797,0.009793,-0.012052,-0.001394,-0.000037,0.009363,-0.003665,-0.000004,-0.000008,-0.000057,-0.000000,-0.000001,0.000031
1770725954.312341,0.157100,-0.722553,-0.346342,-0.361283,-0.785465,-0.031707,-0.000020,-0.000013,0.000766,-0.000000,0.000066,0.000291,0.041002,-0.009990,-0.002041,-0.101951,0.115941,-0.042354,-0.035410,-0.309507,-0.566779,-0.041002,0.009990,0.502041,-0.003208,-0.000488,1.999965,0.003208,0.000488,0.000035,0.006088,-0.002232,0.000004,0.000041,-0.009804,-0.004484,-0.000020,-0.000013,0.000766,-0.000000,0.000066,0.000291
1770725990.812289,0.094249,-0.753980,0.691130,0.738274,-0.015708,-0.109957,-0.000002,-0.000002,0.000020,0.000000,0.000000,0.000001,0.043649,0.009999,0.001741,-0.121901,0.106989,0.043496,0.039009,-0.256475,-0.592665,-0.043649,-0.009999,0.498259,-0.006494,-0.001983,1.999558,0.006494,0.001983,0.000442,0.013295,-0.002732,0.000189,0.000035,0.009827,0.003910,-0.000002,-0.000002,0.000020,0.000000,0.000000,0.000001
1770726020.812297,-0.172777,-0.753985,-0.345611,-0.738274,-1.570803,0.486931,-0.000011,0.000003,0.000036,-0.000000,0.000006,0.000016,0.054945,-0.000766,0.002703,-0.124542,0.125684,-0.030324,0.025182,-0.264073,-0.588988,-0.054945,0.000766,0.497297,-0.001760,0.004716,2.000309,0.001760,-0.004716,-0.000309,-0.001404,-0.009927,-0.000856,-0.000004,-0.001060,0.005350,-0.000011,0.000003,0.000036,-0.000000,0.000006,0.000016
1770726102.012243,-0.047121,-0.188505,0.141987,0.015708,-1.021018,-0.251421,-0.000003,0.000010,-0.000616,0.000000,0.000000,0.000093,0.038615,0.009991,0.001824,-0.124227,0.111626,0.063351,-0.032275,0.183049,-0.671211,-0.038615,-0.009991,0.498176,0.004328,0.001092,2.000182,-0.004328,-0.001092,-0.000182,-0.008640,0.002216,-0.000010,0.000036,0.009832,0.004026,-0.000003,0.000010,-0.000615,0.000000,0.000000,0.000093
1770726132.012296,-0.172803,0.659753,-0.549708,-0.361283,-1.507954,-0.329903,0.000015,-0.000019,-0.000071,-0.000000,-0.000011,0.000036,0.037843,0.006932,0.000965,-0.122342,0.113779,0.061383,-0.041788,0.215706,-0.680026,-0.037843,-0.006932,0.499035,0.003711,0.001123,2.005001,-0.003711,-0.001123,-0.005001,-0.007618,0.001765,-0.004880,0.000013,0.006847,0.002188,0.000015,-0.000019,-0.000071,-0.000000,-0.000011,0.000036
1770726177.212267,-0.015816,0.219486,0.555338,-0.329867,-0.895141,-0.234824,0.000108,0.000425,-0.005559,0.000000,-0.000213,-0.000796,0.050370,0.009992,0.003907,-0.141417,0.129982,0.070397,-0.043043,0.283314,-0.705163,-0.050370,-0.009992,0.496093,0.000700,0.003608,1.999456,-0.000700,-0.003608,0.000544,-0.004656,-0.005696,0.000303,0.000078,0.009576,0.008298,0.000108,0.000425,-0.005553,0.000000,-0.000213,-0.000795
1770726276.312284,0.424091,-0.785388,-0.189094,0.329867,-0.801138,0.612655,0.000024,-0.000010,0.000599,0.000000,0.000032,-0.000044,0.035965,-0.009994,-0.001908,-0.098410,0.112164,-0.030733,-0.044173,-0.284010,-0.580098,-0.035965,0.009994,0.501908,-0.004973,-0.003663,2.000016,0.004973,0.003663,-0.000016,0.012231,0.001632,0.000165,0.000038,-0.009840,-0.004168,0.000024,-0.000010,0.000598,0.000000,0.000032,-0.000044
1770726375.612337,0.267285,0.595841,0.670668,0.706858,-0.894302,-0.098365,-0.000250,0.001061,-0.010933,0.000000,-0.001052,0.004117,0.053588,0.009983,0.002594,-0.141990,0.131187,0.065097,-0.035874,0.241263,-0.689106,-0.053588,-0.009983,0.497406,0.003622,0.003176,2.000192,-0.003622,-0.003176,-0.000192,-0.009389,-0.002116,-0.000212,0.000052,0.009681,0.005708,-0.000249,0.001060,-0.010922,0.000000,-0.001051,0.004113
1770726405.712284,-0.329957,0.628025,0.506894,-0.157080,-0.926718,0.299298,0.000090,0.000293,-0.004240,-0.000000,-0.000052,-0.000846,0.016153,0.007688,-0.014966,-0.093433,0.080534,0.063740,-0.042652,0.272964,-0.701321,-0.016153,-0.007688,0.514966,0.009537,-0.008273,2.000349,-0.009537,0.008273,-0.000349,-0.008445,0.023771,0.000101,-0.000230,0.008163,-0.029774,0.000090,0.000293,-0.004235,-0.000000,-0.000052,-0.000846
1770726447.912266,-0.376998,-0.282810,0.173735,-0.125664,-0.628320,-0.518346,0.000007,0.000067,-0.000948,0.000000,0.000002,-0.000017,0.014270,-0.009977,-0.001522,-0.073805,0.096028,0.037382,-0.071916,0.205396,-0.679306,-0.014270,0.009977,0.501522,0.008067,-0.001869,1.997683,-0.008067,0.001869,0.002317,-0.012361,0.010991,0.002349,0.000030,-0.009923,-0.003182,0.000007,0.000067,-0.000947,0.000000,0.000002,-0.000017
1770726477.912409,-0.424078,0.172612,0.488532,-0.644026,-0.157085,-0.391791,-0.000037,0.000175,-0.001585,-0.000000,0.000006,-0.000908,0.004591,0.006262,-0.004205,-0.075730,0.058754,0.067467,-0.047637,0.241179,-0.688677,-0.004591,-0.006262,0.504205,0.000077,-0.007138,2.005289,-0.000077,0.007138,-0.005289,0.006722,0.012586,-0.005268,-0.000053,0.006294,-0.008373,-0.000037,0.000175,-0.001583,-0.000000,0.000006,-0.000908
1770726508.012331,0.722592,0.266422,0.429717,-0.251327,-0.157121,-0.375425,-0.000026,0.000613,-0.005602,0.000000,0.000041,-0.001566,0.100422,-0.009366,0.035718,-0.172970,0.181934,-0.014793,-0.054431,0.133097,-0.658468,-0.100422,0.009366,0.464282,-0.009862,0.026507,1.991987,0.009862,-0.026507,0.008013,-0.006171,-0.056692,0.002276,-0.000668,-0.016464,0.070064,-0.000026,0.000612,-0.005596,0.000000,0.000041,-0.001565
1770726538.112240,-0.408400,0.109970,-0.565436,0.282743,-1.492252,0.125679,-0.000007,-0.000015,-0.000051,0.000000,-0.000005,-0.000015,0.001714,0.001033,-0.034691,-0.053589,0.050818,0.050258,-0.047293,0.153921,-0.664776,-0.001714,-0.001033,0.534691,0.007975,-0.015986,1.997680,-0.007975,0.015986,0.002320,0.002568,0.035598,0.002376,-0.000072,0.001151,-0.069310,-0.000007,-0.000015,-0.000051,0.000000,-0.000005,-0.000015
1770726568.112315,-0.596909,0.565545,-0.785123,-0.062832,-1.162389,0.691329,0.000006,-0.000059,-0.000275,-0.000000,-0.000000,-0.000179,0.001408,-0.000764,-0.004070,-0.058922,0.061086,0.057780,-0.059987,0.148869,-0.662582,-0.001408,0.000764,0.504070,0.004593,-0.008878,2.002657,-0.004593,0.008878,-0.002657,0.000533,0.019968,-0.002626,0.000006,-0.000752,-0.008132,0.000006,-0.000059,-0.000275,-0.000000,-0.000000,-0.000179
1770726616.312261,-0.534203,0.031036,0.444475,-0.329867,-0.848004,0.630186,0.000132,0.000380,-0.004652,-0.000000,-0.000226,-0.001867,0.001006,0.009987,-0.000093,-0.073550,0.046691,0.071908,-0.044063,0.253349,-0.693938,-0.001006,-0.009987,0.500093,0.001203,-0.003519,2.000002,-0.001203,0.003519,-0.000002,0.001262,0.007322,-0.000007,-0.000002,0.009978,-0.000177,0.000132,0.000380,-0.004647,-0.000000,-0.000226,-0.001865
1770726646.312270,-0.047085,0.314167,0.016282,0.471239,-1.083766,0.675479,-0.000039,-0.000008,-0.000574,0.000000,-0.000084,-0.000036,0.029738,0.005925,0.013152,-0.116484,0.108325,0.068238,-0.053129,0.271313,-0.700384,-0.029738,-0.005925,0.486848,-0.002027,0.007548,2.000775,0.002027,-0.007548,-0.000775,-0.003480,-0.015194,-0.001206,0.000156,0.005135,0.026441,-0.000039,-0.000008,-0.000573,0.000000,-0.000084,-0.000036
1770726720.512278,0.109951,-0.361288,-0.596932,0.565487,-1.350890,0.078543,0.000005,0.000005,0.000030,0.000000,0.000005,-0.000003,0.024647,-0.009984,-0.001267,-0.089718,0.105630,0.025949,-0.061495,-0.118290,-0.634931,-0.024647,0.009984,0.501267,-0.002458,-0.000250,2.000085,0.002458,0.000250,-0.000085,0.004549,-0.001920,-0.000087,0.000025,-0.009909,-0.002777,0.000005,0.000005,0.000030,0.000000,0.000005,-0.000003
1770726750.612276,-0.596877,0.628349,-0.596759,0.455531,-1.413689,0.298488,-0.000026,-0.000031,-0.000143,-0.000000,-0.000028,-0.000037,-0.018364,0.008619,-0.014545,0.012913,-0.058337,0.075165,-0.049125,0.069988,-0.649030,0.018364,-0.008619,0.514545,0.000262,-0.016723,2.004786,-0.000262,0.016723,-0.004786,0.015945,0.029249,-0.005457,-0.000250,0.008075,-0.029213,-0.000026,-0.000031,-0.000143,-0.000000,-0.000028,-0.000037
1770726780.612303,0.612604,0.377003,0.078828,-0.141372,-1.256632,-0.267095,0.000007,-0.000012,-0.000288,-0.000000,-0.000005,0.000059,0.100053,0.007626,0.042661,-0.178622,0.171729,0.041497,0.026321,0.046126,-0.646437,-0.100053,-0.007626,0.457339,-0.016391,0.027228,1.991482,0.016391,-0.027228,0.008518,0.005426,-0.063801,0.002106,0.000649,-0.000934,0.085570,0.000007,-0.000012,-0.000288,-0.000000,-0.000005,0.000059
1770726810.612317,0.581245,0.596790,-0.186924,0.251327,-0.471220,0.533583,-0.000051,0.000112,-0.001572,0.000000,-0.000019,0.000488,0.084334,0.000610,-0.000444,-0.158882,0.158456,-0.016772,0.020408,0.040653,-0.646502,-0.084334,-0.000610,0.500444,-0.004694,0.011251,1.997277,0.004694,-0.011251,0.002723,-0.002556,-0.024365,0.000672,-0.000001,0.000682,-0.000832,-0.000050,0.000112,-0.001570,0.000000,-0.000018,0.000487
1770726887.312241,0.094244,-0.518381,-0.691654,0.157080,-0.801117,-0.204039,0.000004,0.000019,0.000504,-0.000000,0.000010,-0.000165,0.028919,-0.009988,-0.002128,-0.088879,0.104738,-0.020666,-0.051410,-0.293868,-0.575021,-0.028919,0.009988,0.502128,-0.000650,-0.005941,2.000574,0.000650,0.005941,-0.000574,0.006857,0.009791,-0.000222,0.000042,-0.009851,-0.004537,0.000004,0.000018,0.000503,-0.000000,0.000010,-0.000164
1770726946.812272,-0.706867,0.141373,-0.518197,-0.502655,-0.863912,0.518499,0.000008,-0.000001,-0.000166,-0.000000,-0.000026,-0.000136,0.007548,0.009990,-0.000445,-0.083051,0.060087,0.069315,-0.038955,-0.161368,-0.625598,-0.007548,-0.009990,0.500445,0.001150,-0.005456,1.999589,-0.001150,0.005456,0.000411,0.003218,0.010663,0.000459,-0.000009,0.009987,-0.000813,0.000008,-0.000001,-0.000166,-0.000000,-0.000026,-0.000136
1770726999.212351,0.361212,0.125125,0.365949,-0.204204,-0.172709,0.520925,0.000071,0.000539,-0.004666,0.000000,-0.000079,-0.002562,0.075603,0.009986,0.007233,-0.157869,0.147568,0.045893,0.032251,0.090382,-0.651471,-0.075603,-0.009986,0.492767,-0.004600,0.012279,1.997854,0.004600,-0.012279,0.002146,-0.003487,-0.026052,0.000211,0.000144,0.008856,0.015163,0.000071,0.000539,-0.004661,0.000000,-0.000079,-0.002559
1770727033.212318,-0.675583,0.439450,0.113924,-0.565487,-0.455220,-0.327201,0.000141,0.000373,-0.003969,-0.000000,-0.000311,-0.002666,-0.012149,0.009995,-0.025035,-0.028446,-0.046833,0.067675,-0.039718,0.173566,-0.668740,0.012149,-0.009995,0.525035,0.012607,-0.016575,2.000705,-0.012607,0.016575,-0.000705,-0.005203,0.041270,-0.001154,-0.000499,0.009377,-0.050135,0.000141,0.000372,-0.003965,-0.000000,-0.000311,-0.002664
1770727063.312283,-0.785406,0.141394,-0.502506,-0.188496,-1.178094,0.597007,0.000008,-0.000022,-0.000149,0.000000,-0.000003,-0.000105,-0.008392,-0.004345,-0.001329,-0.014424,0.045284,0.054784,-0.069599,0.138450,-0.661214,0.008392,0.004345,0.501329,0.010839,-0.005554,1.996514,-0.010839,0.005554,0.003486,-0.013673,0.020166,0.003255,0.000012,-0.004363,-0.002620,0.000008,-0.000022,-0.000149,0.000000,-0.000003,-0.000104
1770727100.612258,0.376991,-0.267012,0.109766,0.486947,-0.109956,0.125856,-0.000000,-0.000023,0.000190,0.000000,0.000000,-0.000193,0.058147,-0.009977,0.012141,-0.129770,0.142123,-0.027574,-0.050972,-0.125655,-0.633712,-0.058147,0.009977,0.487859,-0.004331,0.014641,1.996720,0.004331,-0.014641,0.003280,-0.006100,-0.030033,0.001473,-0.000242,-0.011359,0.023636,-0.000000,-0.000023,0.000190,0.000000,0.000000,-0.000192
1770727130.712266,0.314131,0.769651,-0.517688,-0.172788,-0.486929,0.204513,0.000028,0.000039,-0.000675,-0.000000,-0.000018,-0.000309,0.063643,0.004399,0.003267,-0.143446,0.137245,0.035792,0.021436,-0.075020,-0.640241,-0.063643,-0.004399,0.496733,-0.008442,0.007008,2.003760,0.008442,-0.007008,-0.003760,0.008139,-0.020065,-0.005079,0.000029,0.003970,0.006794,0.000028,0.000039,-0.000674,-0.000000,-0.000018,-0.000309
1770727195.512264,-0.439849,0.691095,0.362787,-0.047124,-1.083847,0.188686,0.000026,0.000056,-0.001504,0.000000,-0.000002,-0.000190,0.003709,0.009980,-0.001507,-0.077300,0.053473,0.071379,-0.044491,0.240318,-0.689384,-0.003709,-0.009980,0.501507,0.005347,-0.005748,1.999291,-0.005347,0.005748,0.000709,-0.003839,0.015203,0.000803,-0.000030,0.009981,-0.002974,0.000026,0.000056,-0.001503,0.000000,-0.000002,-0.000190
1770727225.612250,0.502938,0.626709,0.674375,0.644026,-0.674152,-0.557402,-0.000283,0.001610,-0.014641,0.000000,-0.001291,0.007623,0.076430,0.002535,0.030287,-0.162232,0.160377,0.058574,-0.053222,0.224466,-0.683300,-0.076430,-0.002535,0.469713,-0.005722,0.019702,1.995513,0.005722,-0.019702,0.004487,-0.007611,-0.040503,0.001413,0.000153,-0.002095,0.060530,-0.000283,0.001608,-0.014626,0.000000,-0.001289,0.007615
1770727255.612287,-0.455398,0.109556,0.381861,0.644026,-0.831914,0.013565,-0.000133,0.000400,-0.004870,0.000000,-0.000608,0.002143,-0.011611,0.004527,-0.037188,0.019850,-0.040615,0.055386,-0.042573,0.246988,-0.692737,0.011611,-0.004527,0.537188,0.011446,-0.013962,1.992341,-0.011446,0.013962,0.007659,-0.005338,0.035756,0.007261,-0.000336,0.003660,-0.074349,-0.000133,0.000400,-0.004865,0.000000,-0.000607,0.002140
1770727329.112339,-0.298446,-0.455518,-0.204573,-0.157080,-0.722570,-0.314186,-0.000005,-0.000013,0.000370,-0.000000,0.000003,0.000027,0.025881,-0.009988,-0.000837,-0.090704,0.106392,0.022006,-0.059801,-0.160581,-0.625620,-0.025881,0.009988,0.500837,-0.002621,0.000031,2.000010,0.002621,-0.000031,-0.000010,0.004564,-0.002570,-0.000031,0.000017,-0.009931,-0.001931,-0.000005,-0.000013,0.000370,-0.000000,0.000003,0.000027
1770727359.212272,0.753876,-0.392827,0.488979,-0.534071,-1.319298,-0.754268,0.000106,0.000128,-0.002032,-0.000000,-0.000171,0.000285,0.111211,-0.001301,0.023118,-0.174992,0.175762,-0.055891,0.053421,-0.197612,-0.612868,-0.111211,0.001301,0.476882,-0.018069,0.024499,1.994061,0.018069,-0.024499,0.005939,0.009598,-0.060348,-0.000756,-0.000060,-0.006418,0.045761,0.000106,0.000128,-0.002030,-0.000000,-0.000171,0.000285
1770727441.912304,-0.298705,-0.173931,0.733596,-0.722566,-0.972868,0.475616,0.000254,0.001144,-0.011030,-0.000000,-0.001026,-0.004377,0.033561,0.009994,0.001253,-0.121084,0.107907,0.069578,-0.042709,0.266251,-0.698578,-0.033561,-0.009994,0.498747,0.005061,-0.001520,2.000270,-0.005061,0.001520,-0.000270,-0.007430,0.007506,0.000056,0.000025,0.009894,0.002837,0.000254,0.001143,-0.011019,-0.000000,-0.001025,-0.004373
1770727472.012281,-0.502635,-0.455544,0.314700,0.188496,-1.382288,0.455688,-0.000020,0.000013,-0.000541,0.000000,-0.000012,-0.000157,-0.003572,-0.006401,-0.016089,-0.024155,0.055712,0.043791,-0.066621,0.235599,-0.688221,0.003572,0.006401,0.516089,0.014047,-0.008604,1.996144,-0.014047,0.008604,0.003856,-0.015952,0.028814,0.003648,0.000206,-0.006510,-0.032121,-0.000020,0.000013,-0.000540,0.000000,-0.000012,-0.000157
1770727505.812257,0.424057,0.549580,-0.218029,-0.722566,-0.376743,0.520851,0.000058,0.000198,-0.001882,-0.000000,-0.000248,-0.002488,0.076706,-0.009989,0.021671,-0.151909,0.162515,0.011506,-0.058886,0.141712,-0.659967,-0.076706,0.009989,0.478329,-0.004909,0.017043,2.000261,0.004909,-0.017043,-0.000261,-0.006963,-0.034617,-0.002992,-0.000432,-0.013267,0.042405,0.000058,0.000198,-0.001880,-0.000000,-0.000248,-0.002486
1770727535.812289,-0.675419,0.141256,0.110957,-0.094248,-0.015707,-0.612974,-0.000024,0.000115,-0.001002,0.000000,-0.000001,0.000363,-0.009326,-0.003710,-0.030515,0.024836,0.026054,0.048143,-0.060112,0.114412,-0.656833,0.009326,0.003710,0.530515,0.009605,-0.016626,1.995657,-0.009605,0.016626,0.004343,0.000239,0.038401,0.003981,0.000226,-0.004275,-0.060931,-0.000024,0.000115,-0.001001,0.000000,-0.000001,0.000363
1770727565.812327,-0.361276,0.000015,-0.219794,0.157080,-1.288051,-0.706949,-0.000007,-0.000015,-0.000118,0.000000,-0.000002,0.000091,0.005323,0.007316,0.002052,-0.078721,0.060557,0.069055,-0.047317,0.175279,-0.669284,-0.005323,-0.007316,0.497948,-0.000771,-0.006828,2.000604,0.000771,0.006828,-0.000604,0.007865,0.011252,-0.000601,0.000030,0.007287,0.004138,-0.000007,-0.000015,-0.000118,0.000000,-0.000002,0.000091
1770727595.912279,0.204179,-0.015702,-0.094083,-0.612611,-1.492223,-0.251370,0.000025,-0.000006,-0.000165,-0.000000,-0.000033,0.000042,0.077860,0.002377,0.028917,-0.160423,0.158221,0.048233,-0.040307,0.154313,-0.663314,-0.077860,-0.002377,0.471083,-0.009692,0.018963,1.996615,0.009692,-0.018963,0.003385,0.000068,-0.042685,0.000061,0.000137,-0.002126,0.057786,0.000025,-0.000006,-0.000164,-0.000000,-0.000033,0.000042
1770727626.012281,0.644026,0.392542,0.079797,-0.565487,-0.172732,0.284319,0.000001,0.000157,-0.001257,0.000000,-0.000056,-0.001576,0.089763,-0.007365,0.004717,-0.159956,0.167631,-0.038459,-0.032176,0.058923,-0.647380,-0.089763,0.007365,0.495283,-0.004910,0.015163,1.998088,0.004910,-0.015163,0.001912,-0.005781,-0.031359,-0.000948,-0.000069,-0.008173,0.008726,0.000001,0.000157,-0.001256,0.000000,-0.000056,-0.001574
1770727690.912237,0.675426,-0.502679,-0.706993,0.502655,-1.225239,0.502642,0.000016,0.000024,0.000134,0.000000,0.000018,0.000012,0.040093,-0.009995,-0.003192,-0.103820,0.117782,-0.030191,-0.046716,-0.242523,-0.598354,-0.040093,0.009995,0.503192,-0.000166,-0.005224,2.001191,0.000166,0.005224,-0.001191,0.005335,0.009022,-0.000776,0.000064,-0.009721,-0.006772,0.000016,0.000024,0.000134,0.000000,0.000018,0.000012
1770727774.112280,-0.518262,-0.314560,0.680563,0.376991,-1.162205,0.675687,-0.000101,0.000401,-0.005121,-0.000000,-0.000184,-0.000245,-0.014021,0.009992,-0.001164,-0.032730,-0.044787,0.073758,-0.048615,0.222123,-0.683120,0.014021,-0.009992,0.501164,0.006061,-0.004616,1.999862,-0.006061,0.004616,0.000138,-0.006189,0.013908,0.000005,-0.000023,0.009948,-0.002465,-0.000101,0.000400,-0.005116,-0.000000,-0.000184,-0.000244
1770727804.112291,0.565509,0.047135,-0.109751,0.376991,-1.350868,-0.581314,-0.000022,-0.000011,-0.000205,-0.000000,-0.000017,0.000119,0.078397,-0.000231,0.038149,-0.161456,0.162685,0.049774,-0.053628,0.180466,-0.670116,-0.078397,0.000231,0.461851,-0.007218,0.026379,1.994711,0.007218,-0.026379,0.005289,-0.010575,-0.053858,0.001067,-0.000018,-0.006199,0.075970,-0.000022,-0.000011,-0.000204,-0.000000,-0.000017,0.000119
1770727834.212232,0.455579,0.423738,0.191577,0.392699,-0.188381,-0.489926,-0.000048,0.000377,-0.003082,0.000000,-0.000115,0.002979,0.077433,-0.000201,0.003008,-0.156559,0.157228,0.032363,-0.035462,0.172425,-0.667583,-0.077433,0.000201,0.496992,-0.004758,0.013982,1.999427,0.004758,-0.013982,0.000573,-0.004963,-0.029046,-0.001681,-0.000001,-0.000665,0.005976,-0.000048,0.000376,-0.003079,0.000000,-0.000114,0.002976
1770727864.212236,-0.628523,-0.283608,0.700302,-0.518363,-0.847646,-0.233376,0.000204,0.000865,-0.009151,-0.000000,-0.000584,-0.002244,-0.005631,0.009302,-0.034330,-0.046703,-0.027396,0.063157,-0.032518,0.224339,-0.684587,0.005631,-0.009302,0.534330,0.009748,-0.017583,1.995074,-0.009748,0.017583,0.004926,0.001176,0.040180,0.004684,-0.000637,0.008907,-0.068641,0.000204,0.000864,-0.009142,-0.000000,-0.000583,-0.002241
1770727894.212272,-0.204244,0.643779,0.050055,-0.109956,-0.424120,-0.345245,0.000040,0.000248,-0.002931,0.000000,0.000005,-0.000331,0.024404,0.005618,0.009078,-0.107524,0.099052,0.066436,-0.051614,0.246875,-0.690821,-0.024404,-0.005618,0.490922,0.001611,-0.000050,2.005320,-0.001611,0.000050,-0.005320,-0.002820,0.001734,-0.005258,0.000102,0.005168,0.018270,0.000040,0.000247,-0.002928,0.000000,0.000005,-0.000330
1770727924.312291,-0.392731,0.644063,-0.628098,-0.502655,-1.303720,-0.219901,0.000032,-0.000036,-0.000220,-0.000000,-0.000041,-0.000011,0.023887,-0.002093,0.000988,-0.099337,0.103469,0.052646,-0.060084,0.234406,-0.687416,-0.023887,0.002093,0.499012,0.003371,0.001308,1.998104,-0.003371,-0.001308,0.001896,-0.007168,0.000883,0.001901,-0.000004,-0.002137,0.001923,0.000032,-0.000036,-0.000220,-0.000000,-0.000041,-0.000011
1770727957.712274,0.204294,0.078163,0.633274,0.125664,-1.099521,-0.723840,-0.000090,0.000376,-0.004955,0.000000,-0.000037,0.001273,0.061353,0.009998,0.015146,-0.153743,0.142649,0.072544,-0.044440,0.274043,-0.701135,-0.061353,-0.009998,0.484854,-0.006903,0.009375,1.998748,0.006903,-0.009375,0.001252,0.003484,-0.023032,-0.000197,0.000302,0.008114,0.030815,-0.000090,0.000376,-0.004951,0.000000,-0.000037,0.001272
1770728026.512244,0.329867,0.172789,-0.267048,0.549779,-0.172788,0.361298,0.000000,-0.000001,0.000013,0.000000,0.000000,-0.000015,0.057660,-0.009980,-0.002751,-0.128764,0.140511,-0.024412,-0.050670,0.044101,-0.646893,-0.057660,0.009980,0.502751,-0.002121,0.001376,2.000216,0.002121,-0.001376,-0.000216,0.002390,-0.004433,-0.000448,0.000055,-0.009636,-0.006062,0.000000,-0.000001,0.000013,0.000000,0.000000,-0.000015
1770728080.712292,-0.722563,0.015720,-0.707185,0.000000,-0.502652,-0.738184,-0.000003,-0.000012,0.000326,-0.000000,-0.000003,-0.000090,0.005961,-0.009998,-0.003363,-0.055513,0.078583,0.040803,-0.068980,-0.215639,-0.609000,-0.005961,0.009998,0.503363,0.002128,-0.010310,2.000595,-0.002128,0.010310,-0.000595,0.006218,0.020099,-0.000413,0.000067,-0.009948,-0.006778,-0.000003,-0.000012,0.000326,-0.000000,-0.000003,-0.000090
1770728110.812265,0.549740,-0.691652,0.712816,-0.172788,-0.801054,-0.471097,0.000038,0.000502,-0.005958,-0.000000,-0.000052,-0.000142,0.082011,0.007595,0.022830,-0.159068,0.149851,0.019328,0.049738,-0.186440,-0.617954,-0.082011,-0.007595,0.477170,-0.016502,0.015107,1.992387,0.016502,-0.015107,0.007613,0.015482,-0.042427,0.004026,0.000346,0.003825,0.046081,0.000038,0.000501,-0.005952,-0.000000,-0.000052,-0.000142
1770728140.812337,0.267042,-0.376972,0.204033,0.424115,-0.062827,0.486991,-0.000006,-0.000019,0.000170,0.000000,-0.000005,-0.000044,0.053472,-0.000895,-0.005058,-0.125777,0.126789,-0.010762,-0.011819,-0.191055,-0.616639,-0.053472,0.000895,0.505058,-0.001034,0.000998,2.001580,0.001034,-0.000998,-0.001580,0.000845,-0.002657,-0.001722,0.000009,-0.000353,-0.010139,-0.000006,-0.000019,0.000170,0.000000,-0.000005,-0.000044
1770728173.212291,0.235628,0.157039,-0.219386,0.078540,-0.471236,-0.502809,-0.000008,0.000040,-0.000526,-0.000000,-0.000003,0.000154,0.054432,0.009984,0.001623,-0.136422,0.123509,0.049620,0.029905,-0.111935,-0.635391,-0.054432,-0.009984,0.498377,-0.003301,-0.000786,2.001326,0.003301,0.000786,-0.001326,0.006530,-0.001696,-0.001484,0.000032,0.009783,0.003781,-0.000008,0.000040,-0.000525,-0.000000,-0.000003,0.000154
1770728203.312304,-0.612638,-0.125540,-0.283844,0.722566,-0.330020,-0.453925,0.000027,-0.000124,0.001101,0.000000,0.000153,-0.001606,0.003624,-0.008971,-0.015254,-0.045694,0.072835,0.038328,-0.068454,-0.183659,-0.619997,-0.003624,0.008971,0.515254,0.012897,-0.012055,1.996789,-0.012897,0.012055,0.003211,-0.010583,0.033644,0.003235,0.000273,-0.008852,-0.030509,0.000027,-0.000124,0.001100,0.000000,0.000153,-0.001604
1770728278.812289,0.314093,0.533979,0.347561,-0.361283,-1.036606,-0.156798,0.000066,0.000092,-0.001986,-0.000000,-0.000119,-0.000281,0.080221,0.009983,0.004249,-0.164378,0.154611,0.054322,0.012820,0.189494,-0.672516,-0.080221,-0.009983,0.495751,-0.000891,0.007219,1.998412,0.000891,-0.007219,0.001588,-0.005279,-0.013622,0.000549,0.000085,0.009260,0.009262,0.000066,0.000092,-0.001984,-0.000000,-0.000119,-0.000281
1770728308.912230,0.518149,0.343983,0.769880,-0.314159,-0.580782,-0.043263,0.000214,0.001593,-0.015898,0.000000,-0.000413,-0.003861,0.096331,0.002991,0.007598,-0.174352,0.172251,0.040566,-0.030293,0.193645,-0.673113,-0.096331,-0.002991,0.492402,-0.000395,0.009794,1.997421,0.000395,-0.009794,0.002579,-0.008546,-0.017785,0.000895,0.000045,0.001514,0.015397,0.000214,0.001591,-0.015882,0.000000,-0.000413,-0.003857
1770728338.912263,-0.000076,-0.314414,0.364157,-0.565487,-0.643751,-0.438600,0.000076,0.000255,-0.002874,-0.000000,-0.000275,-0.001223,0.050642,-0.002554,-0.017527,-0.126604,0.130932,0.035133,-0.048469,0.193895,-0.675272,-0.050642,0.002554,0.517527,0.009871,-0.007236,1.993773,-0.009871,0.007236,0.006227,-0.010003,0.021979,0.007318,0.000089,-0.000775,-0.035102,0.000076,0.000255,-0.002871,-0.000000,-0.000275,-0.001222
1770728368.912291,-0.047165,-0.408549,0.504962,-0.235619,-1.068101,-0.722880,0.000041,0.000142,-0.002307,0.000000,-0.000041,0.000313,0.044711,0.005510,-0.003606,-0.128815,0.121656,0.059999,-0.042509,0.228028,-0.684589,-0.044711,-0.005510,0.503606,0.003734,-0.007113,2.002740,-0.003734,0.007113,-0.002740,0.000310,0.016154,-0.002019,-0.000040,0.005821,-0.006952,0.000041,0.000142,-0.002305,0.000000,-0.000041,0.000313
1770728407.512270,0.063049,-0.110950,0.764583,0.565487,-0.941737,0.437845,-0.000217,0.000994,-0.010601,0.000000,-0.000741,0.001978,0.041539,0.009982,0.000460,-0.131285,0.118005,0.071423,-0.042322,0.284650,-0.705160,-0.041539,-0.009982,0.499540,0.001956,-0.004016,2.001855,-0.001956,0.004016,-0.001855,0.000396,0.008986,-0.001485,0.000009,0.009925,0.001333,-0.000217,0.000993,-0.010591,0.000000,-0.000741,0.001976
1770728437.512307,0.141461,0.188384,0.190527,0.518363,-0.926528,-0.032203,-0.000090,0.000112,-0.002032,-0.000000,-0.000242,0.000787,0.046890,0.000806,0.002899,-0.131964,0.131568,0.059585,-0.058707,0.283235,-0.705192,-0.046890,-0.000806,0.497101,0.003459,0.001301,1.999585,-0.003459,-0.001301,0.000415,-0.007314,0.000989,0.000468,0.000005,0.000533,0.005823,-0.000089,0.000112,-0.002029,-0.000000,-0.000241,0.000786
1770728479.712262,-0.424167,-0.408558,0.347444,-0.439823,-0.722440,-0.235025,0.000052,0.000151,-0.001869,-0.000000,-0.000126,-0.000594,0.017552,-0.009987,-0.006131,-0.079368,0.099146,0.036448,-0.069710,0.218896,-0.682754,-0.017552,0.009987,0.506131,0.006916,-0.005367,1.998899,-0.006916,0.005367,0.001101,-0.006897,0.016058,0.001313,0.000122,-0.009761,-0.012422,0.000052,0.000151,-0.001867,-0.000000,-0.000126,-0.000594
1770728509.712288,-0.455569,0.109662,0.238915,-0.047124,-0.455525,0.408912,0.000038,0.000293,-0.003296,0.000000,-0.000006,-0.000505,0.005063,0.002583,-0.005863,-0.071743,0.064026,0.062457,-0.053419,0.235248,-0.687013,-0.005063,-0.002583,0.505863,0.001202,-0.009151,2.003615,-0.001202,0.009151,-0.003615,0.006750,0.017174,-0.003542,-0.000030,0.002640,-0.011701,0.000038,0.000293,-0.003292,0.000000,-0.000006,-0.000505
1770728610.812245,0.298486,-0.502672,-0.771026,-0.738274,-0.738620,-0.268098,-0.000035,0.000018,0.001335,-0.000000,0.000346,0.001062,0.044107,-0.009981,-0.002153,-0.103643,0.116555,-0.048825,-0.021421,-0.337381,-0.550651,-0.044107,0.009981,0.502153,-0.007348,-0.001786,1.999889,0.007348,0.001786,0.000111,0.014584,-0.003945,0.000082,0.000043,-0.009772,-0.004737,-0.000035,0.000018,0.001334,-0.000000,0.000345,0.001061
