t,current_joint_0,current_joint_1,current_joint_2,current_joint_3,current_joint_4,current_joint_5,nominal_err_0,nominal_err_1,nominal_err_2,nominal_err_3,nominal_err_4,nominal_err_5,rpy_err_0,rpy_err_1,rpy_err_2,setpoints_0,setpoints_1,setpoints_2,setpoints_3,setpoints_4,setpoints_5,vehicle_rpy_0,vehicle_rpy_1,vehicle_rpy_2,vehicle_xyz_0,vehicle_xyz_1,vehicle_xyz_2,wrench_sensor_0,wrench_sensor_1,wrench_sensor_2,wrench_sensor_3,wrench_sensor_4,wrench_sensor_5,xyz_err_0,xyz_err_1,xyz_err_2,zeta_0,zeta_1,zeta_2,zeta_3,zeta_4,zeta_5,zeta_6,zeta_7,zeta_8,zeta_9,zeta_10,zeta_11
1770912911.833679,0.518477,0.565189,0.426510,-0.549779,-0.109971,-0.234853,-0.000114,0.000298,-0.002395,-0.000000,0.000015,-0.000767,0.086324,0.009996,0.004040,-0.163683,0.157028,0.033142,0.032185,0.086096,-0.650513,-0.086324,-0.009996,0.495960,0.015906,0.015046,1.998566,17.313099,-14.754579,10.297133,0.507212,0.046737,-0.803059,-0.015906,-0.015046,0.001434,-0.042240,-0.011434,0.000873,0.000081,0.009253,0.008903,-0.000114,0.000297,-0.002392,-0.000000,0.000015,-0.000766
1770912941.933690,0.565379,0.659544,-0.012928,-0.455531,-0.596646,-0.359903,0.000108,0.000190,-0.002780,0.000000,-0.000256,-0.001380,0.091920,0.001073,0.003104,-0.164451,0.165212,-0.015675,-0.002317,0.080986,-0.649834,-0.091920,-0.001073,0.496896,0.010099,0.011027,1.998949,19.801486,-13.436223,7.352871,0.462646,0.291950,-0.743158,-0.010099,-0.011027,0.001051,-0.028239,-0.009807,0.000180,0.000007,0.000498,0.006273,0.000108,0.000190,-0.002777,0.000000,-0.000256,-0.001379
1770912972.033652,0.628269,0.141307,0.205786,-0.376991,-0.942348,-0.376802,0.000049,0.000065,-0.001582,0.000000,-0.000130,-0.000189,0.103969,-0.000035,0.004156,-0.173283,0.174569,-0.029999,0.021276,0.066457,-0.648097,-0.103969,0.000035,0.495844,0.003690,0.009525,1.996049,22.388011,-10.866960,5.359793,0.365488,0.470795,-0.597091,-0.003690,-0.009525,0.003951,-0.015540,-0.013570,0.002552,-0.000000,-0.000896,0.008255,0.000049,0.000065,-0.001581,0.000000,-0.000130,-0.000188
1770913036.333668,0.345567,-0.219872,-0.613334,0.282743,-0.518405,-0.329403,0.000008,-0.000040,0.000723,0.000000,0.000042,-0.000464,0.039521,-0.009992,-0.003621,-0.102532,0.117450,-0.028480,-0.049701,-0.235942,-0.600998,-0.039521,0.009992,0.503621,0.004539,-0.007972,2.001394,-7.985146,-1.907810,24.269103,0.054561,-1.589353,-0.096035,-0.004539,0.007972,-0.001394,-0.000242,0.018367,-0.000670,0.000072,-0.009689,-0.007623,0.000008,-0.000040,0.000723,0.000000,0.000042,-0.000463
1770913066.433659,0.502628,-0.314270,0.189704,-0.424115,-0.518284,-0.235057,0.000027,0.000111,-0.001208,-0.000000,-0.000078,-0.000563,0.075497,0.006110,0.009102,-0.149963,0.142015,-0.009197,0.049044,-0.208953,-0.610396,-0.075497,-0.006110,0.490898,-0.009192,0.004107,1.997870,11.914713,-0.461108,22.570099,0.022917,-0.830683,-0.043890,0.009192,-0.004107,0.002130,0.012341,-0.016005,0.000848,0.000111,0.004715,0.018595,0.000027,0.000111,-0.001207,-0.000000,-0.000078,-0.000562
1770913134.333692,-0.329859,-0.753902,-0.441079,0.125664,-0.486952,0.267226,-0.000008,-0.000080,0.001256,0.000000,0.000005,-0.000191,0.028409,-0.009990,-0.002143,-0.085734,0.102224,-0.028727,-0.047682,-0.341721,-0.548082,-0.028409,0.009990,0.502143,0.000245,-0.006061,2.000475,-15.309850,-6.746381,19.484865,0.220674,-1.568073,-0.372516,-0.000245,0.006061,-0.000475,0.005404,0.010857,-0.000113,0.000043,-0.009855,-0.004563,-0.000008,-0.000080,0.001255,0.000000,0.000005,-0.000191
1770913186.033635,0.675440,0.094269,-0.612471,-0.125664,-1.115263,0.361338,0.000003,-0.000021,-0.000140,-0.000000,-0.000002,-0.000055,0.081276,0.009983,0.005439,-0.151725,0.139833,-0.037200,0.069652,-0.273152,-0.584262,-0.081276,-0.009983,0.494561,-0.007675,0.007175,1.997743,13.388236,7.709596,19.617742,-0.260136,-0.609709,0.437328,0.007675,-0.007175,0.002257,0.006715,-0.020009,0.000565,0.000108,0.009058,0.011640,0.000003,-0.000021,-0.000140,-0.000000,-0.000002,-0.000055
1770913231.233679,-0.455521,-0.486991,0.534466,-0.204204,-0.031417,-0.408402,-0.000010,0.000044,-0.000395,-0.000000,0.000001,-0.000005,0.010645,0.009993,-0.005532,-0.084574,0.062821,0.067530,-0.036795,-0.188165,-0.618343,-0.010645,-0.009993,0.505532,0.008134,-0.011825,2.000257,2.060298,-0.689123,25.418616,0.026895,-1.317705,-0.044224,-0.008134,0.011825,-0.000257,-0.002780,0.028543,0.000075,-0.000110,0.010100,-0.010945,-0.000010,0.000044,-0.000394,-0.000000,0.000001,-0.000005
1770913261.333663,-0.549766,0.314188,-0.581420,-0.376991,-0.141387,0.470834,-0.000013,-0.000029,0.000225,-0.000000,0.000015,0.000405,0.012936,-0.000304,-0.000027,-0.078776,0.081629,0.051400,-0.055672,-0.193358,-0.615899,-0.012936,0.000304,0.500027,0.007507,-0.003315,2.003139,-3.488824,1.114743,25.166401,-0.040606,-1.499222,0.069182,-0.007507,0.003315,-0.003139,-0.009985,0.013043,-0.002970,0.000000,-0.000303,-0.000058,-0.000013,-0.000028,0.000225,-0.000000,0.000015,0.000405
1770913327.433651,0.094166,0.361083,0.190148,0.314159,-0.062848,0.487041,0.000082,0.000200,-0.001653,0.000000,0.000016,-0.000094,0.052435,0.009992,0.003230,-0.138353,0.126773,0.058320,-0.018200,0.160243,-0.665221,-0.052435,-0.009992,0.496770,0.000224,0.005758,1.999394,9.441763,11.438029,20.461879,-0.392997,-0.784611,0.623825,-0.000224,-0.005758,0.000606,-0.005871,-0.009922,0.000144,0.000064,0.009630,0.006968,0.000082,0.000200,-0.001651,0.000000,0.000016,-0.000094
1770913357.433656,-0.706943,-0.392916,0.537209,-0.361283,-1.005192,-0.706905,0.000085,0.000217,-0.003138,-0.000000,-0.000118,0.000047,-0.012180,0.005257,-0.024713,-0.003634,-0.037698,0.062292,-0.049459,0.187608,-0.673430,0.012180,-0.005257,0.524713,0.013330,-0.014258,1.994718,16.644682,-16.721571,10.480478,0.552105,-0.005911,-0.881683,-0.013330,0.014258,0.005282,-0.008752,0.038059,0.004859,-0.000259,0.004650,-0.049436,0.000085,0.000216,-0.003135,-0.000000,-0.000118,0.000047
1770913411.033695,-0.062832,-0.329869,-0.581206,0.109956,-1.193805,0.706852,0.000000,0.000002,0.000011,0.000000,0.000000,0.000007,0.033465,-0.009996,0.001105,-0.101049,0.116056,0.013991,-0.058769,-0.130822,-0.632491,-0.033465,0.009996,0.498895,0.000014,0.003770,2.000033,6.334508,3.528516,24.286365,-0.119723,-1.125695,0.201933,-0.000014,-0.003770,-0.000033,-0.003629,-0.006595,-0.000290,-0.000022,-0.010054,0.001873,0.000000,0.000002,0.000011,0.000000,0.000000,0.000007
1770913441.133687,0.502657,-0.078534,-0.565434,0.267035,-1.036723,0.219907,-0.000003,-0.000006,-0.000053,0.000000,-0.000003,0.000005,0.059466,-0.003543,0.006983,-0.132948,0.136884,-0.016512,-0.028096,-0.160026,-0.625162,-0.059466,0.003543,0.493017,-0.006860,0.008554,1.999846,10.826278,-0.231460,22.663082,0.007569,-0.877196,-0.004983,0.006860,-0.008554,0.000154,0.003983,-0.021515,-0.001113,-0.000049,-0.004362,0.013717,-0.000003,-0.000006,-0.000053,0.000000,-0.000003,0.000005
1770913513.233700,-0.110089,-0.001048,0.589676,-0.659734,-0.376330,0.446540,0.000134,0.001048,-0.008481,-0.000000,-0.000661,-0.006717,0.041135,0.009997,0.001734,-0.128994,0.116435,0.066615,-0.036821,0.236528,-0.687722,-0.041135,-0.009997,0.498266,0.001918,0.000566,2.000047,20.809630,1.257820,14.467700,-0.038437,-0.135532,0.046823,-0.001918,-0.000566,-0.000047,-0.003908,0.000837,0.000027,0.000035,0.009836,0.003873,0.000134,0.001047,-0.008473,-0.000000,-0.000661,-0.006710
1770913577.533675,0.596902,0.534081,-0.738011,0.015708,-0.722569,0.769784,0.000000,-0.000010,-0.000263,0.000000,0.000003,-0.000094,0.074671,-0.009989,-0.002438,-0.142424,0.153381,-0.044908,-0.034990,-0.124031,-0.633154,-0.074671,0.009989,0.502438,-0.002326,0.005009,1.999200,8.570295,10.365444,21.787033,-0.357166,-0.878932,0.570942,0.002326,-0.005009,0.000800,-0.000753,-0.011037,-0.000032,0.000049,-0.009588,-0.005601,0.000000,-0.000010,-0.000263,0.000000,0.000003,-0.000093
1770913653.033642,-0.282657,0.156869,0.411580,0.282743,-0.958056,-0.598108,-0.000086,0.000211,-0.003173,0.000000,-0.000129,0.001205,0.007700,0.009997,-0.000530,-0.084820,0.063845,0.071878,-0.045262,0.274822,-0.702049,-0.007700,-0.009997,0.500530,0.005798,-0.005878,2.000057,22.895459,-10.690460,0.939322,0.368088,0.694406,-0.588103,-0.005798,0.005878,-0.000057,-0.004527,0.015863,0.000111,-0.000011,0.009995,-0.000983,-0.000086,0.000210,-0.003170,0.000000,-0.000129,0.001204
1770913683.033673,-0.376856,0.564141,0.703206,-0.172788,-0.078524,0.316872,-0.000135,0.001346,-0.012056,-0.000000,-0.000016,-0.002713,0.008549,0.003075,0.000253,-0.079682,0.075065,0.062782,-0.056812,0.283462,-0.705120,-0.008549,-0.003075,0.499747,0.005558,-0.001365,2.002799,24.429154,4.065072,5.869891,-0.131241,0.529816,0.214876,-0.005558,0.001365,-0.002799,-0.008449,0.007740,-0.002704,0.000002,0.003068,0.000533,-0.000135,0.001345,-0.012044,-0.000000,-0.000016,-0.002710
1770913713.133687,-0.251304,0.439802,0.267195,-0.769690,-0.047125,-0.754197,-0.000024,0.000021,-0.000160,-0.000000,0.000001,0.000215,0.018404,-0.002290,0.004467,-0.092692,0.097735,0.055528,-0.063594,0.273327,-0.701930,-0.018404,0.002290,0.495533,0.003023,0.003243,1.996299,1.603963,-17.006625,18.721006,0.578618,-0.965258,-0.940276,-0.003023,-0.003243,0.003701,-0.008403,-0.002896,0.003625,-0.000020,-0.002452,0.008881,-0.000024,0.000021,-0.000160,-0.000000,0.000001,0.000215
1770913743.233667,-0.518361,0.659741,0.031486,0.094248,-1.555088,0.471282,-0.000001,-0.000007,-0.000070,0.000000,-0.000001,-0.000043,-0.005662,-0.001063,-0.010807,-0.035300,0.041358,0.054952,-0.059030,0.269174,-0.699337,0.005662,0.001063,0.510807,0.005023,-0.005752,2.004973,16.966338,10.491617,-15.950315,-0.351013,1.454569,0.566831,-0.005023,0.005752,-0.004973,-0.003130,0.014904,-0.005056,0.000023,-0.001184,-0.021587,-0.000001,-0.000007,-0.000070,0.000000,-0.000001,-0.000043
1770913773.333662,0.565584,-0.141558,0.238058,0.612611,-0.879335,-0.488353,-0.000097,0.000187,-0.002438,0.000000,-0.000311,0.001406,0.075489,-0.008806,0.033550,-0.155935,0.165636,0.038322,-0.067738,0.208730,-0.679618,-0.075489,0.008806,0.466450,-0.007297,0.021785,1.983943,20.043841,-6.710992,14.774197,0.230942,-0.118272,-0.370099,0.007297,-0.021785,0.016057,-0.006695,-0.046510,0.012511,-0.000590,-0.013827,0.066177,-0.000097,0.000186,-0.002436,0.000000,-0.000310,0.001404
1770913855.633657,-0.157074,-0.329851,-0.298565,-0.518363,-0.047129,0.329592,-0.000005,-0.000016,0.000114,-0.000000,0.000005,0.000275,0.029722,-0.009984,-0.001801,-0.093108,0.107768,-0.010504,-0.053237,-0.240472,-0.599501,-0.029722,0.009984,0.501801,-0.003857,-0.003414,2.000142,-13.808859,4.057496,21.122268,-0.135074,-1.617588,0.211036,0.003857,0.003414,-0.000142,0.010038,0.002273,0.000025,0.000036,-0.009863,-0.003894,-0.000005,-0.000016,0.000114,-0.000000,0.000005,0.000275
1770913885.633702,0.486943,0.392692,-0.643888,-0.361283,-0.518350,0.094348,0.000004,0.000007,-0.000139,0.000000,-0.000012,-0.000100,0.067335,0.003286,0.009438,-0.141594,0.136091,-0.018512,0.043258,-0.227737,-0.603362,-0.067335,-0.003286,0.490562,-0.012918,0.007600,2.000941,7.909694,3.706879,23.689964,-0.126694,-1.026740,0.207918,0.012918,-0.007600,-0.000941,0.015608,-0.025429,-0.002708,0.000062,0.002006,0.019035,0.000004,0.000007,-0.000139,0.000000,-0.000012,-0.000100
1770913949.433680,0.738336,0.046951,0.568023,0.235619,-1.476516,0.518770,-0.000061,0.000173,-0.002536,0.000000,-0.000032,-0.000408,0.106026,0.009995,0.005183,-0.178895,0.169525,0.016405,0.054729,-0.056808,-0.641849,-0.106026,-0.009995,0.494817,-0.004571,0.008429,1.997496,15.393225,15.165254,-14.054572,-0.508891,1.274960,0.808366,0.004571,-0.008429,0.002504,0.000065,-0.019315,0.000460,0.000103,0.008833,0.011353,-0.000061,0.000173,-0.002533,0.000000,-0.000032,-0.000407
1770913983.733664,-0.486950,-0.408410,-0.345624,0.329867,-1.068146,-0.329844,0.000003,0.000003,0.000049,0.000000,0.000004,-0.000023,0.004765,-0.009982,-0.029238,-0.037468,0.072537,0.026490,-0.067523,-0.166013,-0.626901,-0.004765,0.009982,0.529238,0.019930,-0.018939,1.990068,5.589772,-7.420949,23.430902,0.267809,-1.081784,-0.442089,-0.019930,0.018939,0.009932,-0.015366,0.052721,0.010020,0.000583,-0.009694,-0.058462,0.000003,0.000003,0.000049,0.000000,0.000004,-0.000023
1770914013.733663,-0.738234,-0.486970,0.314785,0.282743,-1.445111,-0.549958,-0.000040,0.000023,-0.000626,-0.000000,-0.000022,0.000180,-0.026178,0.007477,-0.013124,0.049416,-0.070604,0.078185,-0.059748,-0.101194,-0.637526,0.026178,-0.007477,0.513124,0.009844,-0.022960,2.001810,20.295702,-14.214854,6.225845,0.480298,0.326932,-0.777053,-0.009844,0.022960,-0.001810,0.005371,0.049555,-0.003147,-0.000196,0.006780,-0.026408,-0.000040,0.000023,-0.000625,-0.000000,-0.000022,0.000179
1770914096.733676,-0.157245,-0.016256,0.728934,-0.424115,-1.287824,-0.078027,0.000166,0.000549,-0.006368,-0.000000,-0.000229,-0.000512,0.041477,0.009992,0.002371,-0.131800,0.120017,0.069939,-0.043873,0.289960,-0.707912,-0.041477,-0.009992,0.497629,0.002491,0.005342,1.999845,22.033175,-7.895844,-9.961864,0.269942,1.291449,-0.429198,-0.002491,-0.005342,0.000155,-0.009467,-0.007007,-0.000041,0.000047,0.009777,0.005148,0.000165,0.000548,-0.006362,-0.000000,-0.000229,-0.000512
1770914175.733682,-0.062834,0.015740,-0.455918,0.078540,-0.329861,0.596932,0.000002,-0.000032,0.000387,0.000000,-0.000006,-0.000029,0.035569,-0.009988,-0.001809,-0.103618,0.117624,0.013391,-0.057254,-0.111373,-0.636173,-0.035569,0.009988,0.501809,-0.001581,-0.000952,1.999878,-2.474857,-1.613754,25.264429,0.050176,-1.470695,-0.088988,0.001581,0.000952,0.000122,0.003682,0.000142,0.000164,0.000036,-0.009843,-0.003967,0.000002,-0.000032,0.000386,0.000000,-0.000006,-0.000029
1770914214.033660,0.219897,-0.345432,-0.142686,0.000000,-0.109941,-0.785057,0.000014,-0.000143,0.001314,-0.000000,-0.000015,-0.000341,0.040737,-0.009991,-0.000756,-0.107152,0.120835,-0.025479,-0.049700,-0.202860,-0.613374,-0.040737,0.009991,0.500756,-0.002675,0.000194,1.999241,-5.843396,7.330951,23.890331,-0.251496,-1.496393,0.402176,0.002675,-0.000194,0.000759,0.004495,-0.002936,0.000684,0.000015,-0.009912,-0.001916,0.000014,-0.000143,0.001313,-0.000000,-0.000015,-0.000341
1770914244.033671,-0.251320,0.219931,-0.408571,-0.565487,-0.204215,0.093992,-0.000007,-0.000019,0.000164,-0.000000,0.000011,0.000256,0.026229,0.005002,-0.004081,-0.102837,0.092829,0.053744,-0.030496,-0.167469,-0.623414,-0.026229,-0.005002,0.504081,-0.003888,-0.007031,2.002971,1.164995,3.093124,25.137546,-0.105303,-1.327145,0.172517,0.003888,0.007031,-0.002971,0.013572,0.008626,-0.002810,-0.000041,0.005209,-0.008019,-0.000007,-0.000019,0.000164,-0.000000,0.000011,0.000255
1770914301.933654,-0.109924,0.643993,-0.360412,0.235619,-0.643988,-0.220321,-0.000032,0.000034,-0.000871,0.000000,-0.000039,0.000410,0.028329,0.009998,0.001321,-0.112446,0.097450,0.065146,-0.033116,0.159219,-0.665299,-0.028329,-0.009998,0.498679,0.000552,-0.000710,1.999658,20.130536,-2.285556,15.098610,0.076068,-0.145569,-0.126425,-0.000552,0.000710,0.000342,-0.000286,0.001763,0.000395,0.000026,0.009909,0.002921,-0.000032,0.000034,-0.000870,0.000000,-0.000039,0.000409
1770914332.033627,-0.282746,0.015702,-0.204126,-0.345575,-0.392698,-0.675404,0.000002,0.000006,-0.000078,-0.000000,-0.000001,-0.000039,0.022807,-0.005077,-0.001865,-0.091695,0.101861,0.040939,-0.060364,0.116458,-0.657089,-0.022807,0.005077,0.501865,0.006232,0.000678,1.995917,5.447709,-1.637222,24.587487,0.049540,-1.163813,-0.096958,-0.006232,-0.000678,0.004083,-0.011589,0.004710,0.004129,0.000019,-0.004986,-0.003840,0.000002,0.000006,-0.000078,-0.000000,-0.000001,-0.000039
1770914362.033685,0.377026,-0.455552,0.126100,0.706858,-1.115190,-0.204384,-0.000035,0.000021,-0.000437,0.000000,-0.000075,0.000181,0.047204,-0.001695,0.007760,-0.125497,0.127916,0.039822,-0.046895,0.097968,-0.653290,-0.047204,0.001695,0.492240,-0.002154,0.006793,1.998209,17.521275,-8.149624,16.409199,0.269561,-0.302561,-0.430261,0.002154,-0.006793,0.001791,-0.002624,-0.014063,0.001123,-0.000026,-0.002423,0.015408,-0.000035,0.000021,-0.000436,0.000000,-0.000075,0.000181
1770914392.133686,-0.235645,0.675471,-0.502188,-0.345575,-0.895310,-0.612566,0.000026,-0.000029,-0.000467,-0.000000,-0.000044,-0.000044,0.028357,0.008891,-0.005323,-0.111451,0.096710,0.063579,-0.031208,0.172894,-0.667585,-0.028357,-0.008891,0.505323,-0.001385,-0.003953,2.007073,17.909206,-13.733871,12.285896,0.457212,-0.051871,-0.738688,0.001385,0.003953,-0.007073,0.006183,0.005771,-0.006960,-0.000094,0.009180,-0.010378,0.000026,-0.000029,-0.000467,-0.000000,-0.000044,-0.000044
1770914422.233661,-0.345693,-0.330153,0.411640,-0.722566,-0.894937,0.205738,0.000118,0.000286,-0.003233,-0.000000,-0.000417,-0.001534,0.030792,0.004310,0.001056,-0.112407,0.106106,0.059136,-0.046050,0.196565,-0.676050,-0.030792,-0.004310,0.498944,0.001382,-0.000109,1.994182,21.554182,3.367103,14.409431,-0.126970,-0.073604,0.195289,-0.001382,0.000109,0.005818,-0.002296,0.001333,0.005865,0.000009,0.004239,0.002241,0.000117,0.000285,-0.003230,-0.000000,-0.000417,-0.001533
1770914464.233655,-0.581197,-0.188487,-0.691125,-0.157080,-1.507964,-0.502673,0.000002,-0.000009,-0.000025,0.000000,-0.000001,0.000018,0.009103,-0.009999,-0.003990,-0.063228,0.085556,0.037768,-0.068910,0.067350,-0.649499,-0.009103,0.009999,0.503990,0.005513,-0.003908,2.000311,14.426804,-4.741141,20.458363,0.159675,-0.631196,-0.236697,-0.005513,0.003908,-0.000311,-0.005872,0.012159,-0.000259,0.000080,-0.009916,-0.008063,0.000002,-0.000009,-0.000025,0.000000,-0.000001,0.000018
1770914525.933694,-0.345664,0.596832,0.299854,-0.518363,-1.303652,0.723270,0.000089,0.000070,-0.001403,-0.000000,-0.000109,-0.000704,0.027454,0.009985,0.001933,-0.114113,0.099173,0.069214,-0.040056,0.250930,-0.693192,-0.027454,-0.009985,0.498067,-0.000476,0.001585,1.997948,21.174934,5.476142,-13.397944,-0.206193,1.420333,0.338490,0.000476,-0.001585,0.002052,-0.000656,-0.003292,0.001966,0.000039,0.009866,0.004135,0.000089,0.000070,-0.001402,-0.000000,-0.000109,-0.000703
1770914556.033685,-0.408415,-0.110025,0.314815,0.518363,-0.157094,0.769355,0.000008,0.000069,-0.000656,0.000000,0.000015,0.000335,0.011463,-0.007655,-0.006924,-0.070703,0.089129,0.040350,-0.067628,0.219147,-0.683814,-0.011463,0.007655,0.506924,0.008535,-0.000234,1.989467,4.125014,7.372166,24.201533,-0.255976,-1.177000,0.411081,-0.008535,0.000234,0.010533,-0.014762,0.008569,0.010509,0.000106,-0.007488,-0.013920,0.000008,0.000069,-0.000655,0.000000,0.000015,0.000335
1770914586.033699,0.345592,-0.392697,-0.094149,0.628319,-1.492239,-0.172797,-0.000017,-0.000002,-0.000099,0.000000,-0.000017,0.000010,0.045048,-0.007140,0.012008,-0.122371,0.131895,0.037771,-0.062036,0.178816,-0.670073,-0.045048,0.007140,0.487992,-0.001962,0.009089,1.999857,20.012928,-9.652778,11.760845,0.326692,0.058082,-0.519833,0.001962,-0.009089,0.000143,-0.005053,-0.017866,-0.000699,-0.000171,-0.008206,0.023646,-0.000017,-0.000002,-0.000099,0.000000,-0.000017,0.000010
1770914632.533695,0.062949,0.565316,0.301373,0.502655,-0.910760,0.219061,-0.000117,0.000171,-0.002922,-0.000000,-0.000302,0.000851,0.040039,0.009984,0.001173,-0.129684,0.115639,0.069482,-0.037183,0.265533,-0.697637,-0.040039,-0.009984,0.498827,-0.002844,0.000878,1.999669,19.886295,14.986457,-3.497583,-0.507700,0.877793,0.820556,0.002844,-0.000878,0.000331,0.004154,-0.004267,0.000118,0.000023,0.009873,0.002741,-0.000117,0.000171,-0.002919,-0.000000,-0.000302,0.000850
1770914731.933670,0.738308,-0.675408,0.077921,-0.722566,-0.816945,-0.612876,-0.000034,-0.000034,0.000618,-0.000000,0.000131,0.000265,0.069889,-0.009982,-0.003372,-0.128949,0.139654,-0.064352,0.035584,-0.298170,-0.572364,-0.069889,0.009982,0.503372,-0.006837,-0.000915,1.999393,13.078457,2.126204,21.621431,-0.089709,-0.724861,0.136731,0.006837,0.000915,0.000607,0.012840,-0.005027,0.000385,0.000067,-0.009478,-0.007416,-0.000034,-0.000034,0.000618,-0.000000,0.000131,0.000265
1770914827.533654,-0.439908,-0.346456,0.779779,-0.109956,-0.848186,0.283836,0.000085,0.000881,-0.010089,0.000000,-0.000044,-0.001093,0.005563,0.009994,0.000049,-0.080703,0.059585,0.070913,-0.045458,0.244687,-0.690779,-0.005563,-0.009994,0.499951,0.006869,-0.002347,2.000194,23.954349,5.660652,7.523372,-0.198834,0.412945,0.321360,-0.006869,0.002347,-0.000194,-0.009799,0.010695,-0.000036,0.000001,0.009984,0.000154,0.000085,0.000880,-0.010079,0.000000,-0.000044,-0.001092
1770914897.133673,-0.157076,-0.439826,-0.612624,-0.628319,-1.492259,-0.769681,-0.000003,0.000003,0.000014,-0.000000,0.000003,-0.000009,0.048194,-0.009983,-0.001388,-0.116764,0.129817,-0.029334,-0.048558,-0.154049,-0.626966,-0.048194,0.009983,0.501388,-0.002889,0.004436,1.999789,17.946500,2.753484,18.157537,-0.081735,-0.390723,0.136479,0.002889,-0.004436,0.000211,0.000800,-0.010545,-0.000289,0.000028,-0.009828,-0.003251,-0.000003,0.000003,0.000014,-0.000000,0.000003,-0.000009
1770914945.633652,0.172656,-0.314318,0.442075,-0.706858,-1.256356,-0.219645,0.000132,0.000159,-0.002252,-0.000000,-0.000281,-0.000267,0.077808,0.009993,0.005517,-0.160348,0.149236,0.048778,0.032571,0.117772,-0.655682,-0.077808,-0.009993,0.494483,-0.007132,0.006090,1.998303,24.110991,-6.895493,3.975926,0.232974,0.621329,-0.365218,0.007132,-0.006090,0.001697,0.006784,-0.017547,0.000264,0.000110,0.009096,0.011765,0.000132,0.000159,-0.002250,-0.000000,-0.000281,-0.000266
1770914975.633683,-0.094245,-0.376986,-0.439802,0.235619,-1.445132,-0.534086,-0.000002,-0.000005,-0.000021,0.000000,-0.000001,0.000015,0.023762,-0.006467,-0.018872,-0.087153,0.099903,0.028836,-0.056714,0.024027,-0.646986,-0.023762,0.006467,0.518872,0.011064,-0.009815,1.997894,10.652161,-11.273823,20.254976,0.363358,-0.731996,-0.595256,-0.011064,0.009815,0.002106,-0.009485,0.027934,0.002707,0.000244,-0.005563,-0.037849,-0.000002,-0.000005,-0.000021,0.000000,-0.000001,0.000015
1770915005.633693,0.502653,0.125657,-0.408242,-0.204204,-0.596898,-0.408374,0.000002,0.000007,-0.000165,-0.000000,-0.000004,-0.000033,0.069560,-0.006807,0.010969,-0.141067,0.148919,-0.029209,-0.037735,-0.127365,-0.632163,-0.069560,0.006807,0.489031,-0.002363,0.007945,2.001562,9.162381,-0.941136,23.691878,0.045774,-0.965871,-0.067589,0.002363,-0.007945,-0.001562,-0.003278,-0.016083,-0.002707,-0.000149,-0.008307,0.021390,0.000002,0.000007,-0.000165,-0.000000,-0.000004,-0.000033
1770915035.733654,-0.785406,-0.219872,0.031062,0.769690,-0.329906,0.000418,0.000008,-0.000039,0.000354,0.000000,0.000039,-0.000418,-0.008552,-0.005750,-0.023206,0.021679,0.038830,0.050551,-0.067328,-0.168345,-0.624410,0.008552,0.005750,0.523206,0.011535,-0.018821,1.995947,5.220995,-3.546077,24.324598,0.121119,-1.187233,-0.194796,-0.011535,0.018821,0.004053,-0.001198,0.044123,0.003665,0.000266,-0.006141,-0.046314,0.000008,-0.000039,0.000354,0.000000,0.000039,-0.000418
1770915106.133693,0.282617,0.329225,0.367432,-0.298451,-0.298388,-0.311618,0.000126,0.000643,-0.006149,-0.000000,-0.000063,-0.002542,0.070628,0.009999,0.004272,-0.156406,0.145902,0.057138,-0.009465,0.189954,-0.672801,-0.070628,-0.009999,0.495728,-0.001794,0.006573,1.998429,19.432492,-9.854492,12.786606,0.339478,-0.056539,-0.558988,0.001794,-0.006573,0.001571,-0.003079,-0.013337,0.000661,0.000085,0.009362,0.009218,0.000126,0.000642,-0.006143,-0.000000,-0.000063,-0.002539
1770915136.233653,-0.267185,0.690747,0.160290,0.204204,-0.015695,0.488022,0.000150,0.000403,-0.003210,0.000000,-0.000013,-0.001076,0.021631,0.005401,-0.018357,-0.097752,0.089552,0.057406,-0.041949,0.219350,-0.682022,-0.021631,-0.005401,0.518357,0.009452,-0.009465,2.002225,14.998160,12.898510,16.304259,-0.431921,-0.398084,0.691322,-0.009452,0.009465,-0.002225,-0.007047,0.025824,-0.001627,-0.000198,0.006188,-0.036551,0.000150,0.000403,-0.003207,0.000000,-0.000013,-0.001074
1770915166.233655,0.769724,0.722570,0.141745,0.361283,-1.366564,0.282798,-0.000034,-0.000004,-0.000373,0.000000,-0.000029,-0.000054,0.092873,-0.006386,0.024093,-0.167345,0.174099,0.015460,-0.050450,0.151666,-0.661914,-0.092873,0.006386,0.475907,-0.002847,0.017548,1.998785,15.616721,13.531387,-14.766668,-0.454077,1.339260,0.736074,0.002847,-0.017548,0.001215,-0.011015,-0.033731,-0.001994,-0.000307,-0.010816,0.047337,-0.000034,-0.000004,-0.000373,0.000000,-0.000029,-0.000054
1770915202.133769,0.628369,0.706768,-0.376123,0.251327,-0.251305,-0.157764,-0.000051,0.000090,-0.000869,-0.000000,-0.000022,0.000685,0.077359,-0.009983,-0.004841,-0.146081,0.157540,-0.041983,-0.041431,-0.028528,-0.645488,-0.077359,0.009983,0.504841,0.001105,0.004313,1.996168,14.719284,1.506747,20.938712,-0.054816,-0.631074,0.080880,-0.001105,-0.004313,0.003832,-0.006139,-0.006745,0.003256,0.000096,-0.009196,-0.010413,-0.000051,0.000090,-0.000868,-0.000000,-0.000022,0.000684
1770915232.233659,0.628330,0.533964,0.410604,-0.125664,-1.005304,-0.675878,-0.000011,0.000106,-0.002197,-0.000000,-0.000006,0.000436,0.098173,0.005744,0.007257,-0.173978,0.167570,0.029843,0.036024,0.103433,-0.651989,-0.098173,-0.005744,0.492743,-0.008503,0.005681,2.003035,16.793229,-15.484319,-11.554600,0.503312,1.198032,-0.832231,0.008503,-0.005681,-0.003035,0.009580,-0.017648,-0.004840,0.000083,0.004289,0.014991,-0.000011,0.000106,-0.002195,-0.000000,-0.000006,0.000435
1770915274.233650,-0.078540,0.093912,0.458639,-0.502655,-0.204212,-0.595202,0.000000,0.000336,-0.003108,-0.000000,0.000009,-0.001700,0.037115,0.009990,-0.008406,-0.121993,0.107625,0.065333,-0.031138,0.222008,-0.683747,-0.037115,-0.009990,0.508406,0.005728,-0.011713,1.999232,10.522492,-14.283344,18.937449,0.485943,-0.658386,-0.766878,-0.005728,0.011713,0.000768,0.001403,0.025968,0.001718,-0.000168,0.010596,-0.016412,0.000000,0.000336,-0.003105,-0.000000,0.000008,-0.001698
1770915304.233683,-0.031497,0.345528,0.142793,-0.644026,-1.005057,-0.628039,0.000081,0.000047,-0.001422,-0.000000,-0.000253,-0.000279,0.054727,0.007903,0.008306,-0.143313,0.134346,0.066694,-0.044259,0.252219,-0.692569,-0.054727,-0.007903,0.491694,0.001356,-0.000197,2.002780,16.456153,-19.537877,2.967622,0.664005,0.382614,-1.069175,-0.001356,0.000197,-0.002780,-0.002224,0.001775,-0.002667,0.000131,0.006975,0.017001,0.000081,0.000047,-0.001420,-0.000000,-0.000252,-0.000279
1770915334.333626,-0.125692,0.581217,-0.690954,-0.769690,-1.366547,0.345684,0.000028,-0.000022,-0.000196,-0.000000,-0.000046,-0.000109,0.053935,-0.008281,-0.000557,-0.130210,0.140697,0.031551,-0.061941,0.208951,-0.678802,-0.053935,0.008281,0.500557,0.005430,0.002340,1.998743,22.267940,11.051187,5.950857,-0.379443,0.413824,0.600616,-0.005430,-0.002340,0.001257,-0.011772,0.001040,0.001216,0.000009,-0.008201,-0.001558,0.000028,-0.000022,-0.000196,-0.000000,-0.000046,-0.000109
1770915374.833651,-0.455519,0.078547,-0.486816,0.769690,-1.240897,-0.722682,-0.000012,-0.000007,-0.000131,0.000000,-0.000032,0.000116,-0.012364,-0.009996,-0.013214,0.046017,0.035961,0.045208,-0.073855,0.107013,-0.655453,0.012364,0.009996,0.513214,0.010505,-0.015134,1.998262,10.098935,-18.904123,14.356716,0.636323,-0.438019,-1.016867,-0.010505,0.015134,0.001738,-0.003456,0.036666,0.001249,0.000264,-0.010312,-0.026276,-0.000012,-0.000007,-0.000131,0.000000,-0.000032,0.000116
1770915404.833729,-0.172785,-0.612608,-0.157060,0.267035,-1.492255,-0.345581,-0.000003,-0.000002,-0.000020,-0.000000,-0.000001,0.000005,0.018861,-0.007503,0.008745,-0.086073,0.098718,0.043096,-0.064760,-0.056363,-0.643877,-0.018861,0.007503,0.491255,-0.001445,0.000565,1.997391,14.102628,-9.678682,18.455774,0.330623,-0.536439,-0.529791,0.001445,-0.000565,0.002609,0.001993,-0.002406,0.002576,-0.000131,-0.007824,0.017328,-0.000003,-0.000002,-0.000020,-0.000000,-0.000001,0.000005
1770915477.133696,-0.361246,-0.000162,0.536665,0.125664,-1.256623,-0.408889,-0.000038,0.000162,-0.002595,-0.000000,-0.000014,0.000482,0.002817,0.009988,-0.000068,-0.076973,0.052684,0.071403,-0.044153,0.279818,-0.704182,-0.002817,-0.009988,0.500068,0.002481,-0.000935,1.999559,23.504614,-8.164283,-5.554950,0.274173,1.114496,-0.452844,-0.002481,0.000935,0.000441,-0.003450,0.004016,0.000486,-0.000001,0.009978,-0.000109,-0.000038,0.000162,-0.002592,-0.000000,-0.000014,0.000481
1770915507.233701,-0.439693,0.297840,0.729928,0.486947,-1.099182,0.533613,-0.000130,0.000611,-0.007362,0.000000,-0.000375,0.000458,-0.010334,0.003454,-0.006335,-0.026450,-0.014306,0.061814,-0.054012,0.288981,-0.707327,0.010334,-0.003454,0.506335,0.005934,-0.002991,2.002992,12.556622,18.899913,-11.170887,-0.647365,1.046620,1.037413,-0.005934,0.002991,-0.002992,-0.007481,0.010946,-0.003076,-0.000044,0.003320,-0.012692,-0.000129,0.000611,-0.007355,0.000000,-0.000375,0.000457
